[{"CheckingStatus": "less_0", "LoanDuration": 10, "CreditHistory": "all_credits_paid_back", "LoanPurpose": "car_new", "LoanAmount": 250, "ExistingSavings": "500_to_1000", "EmploymentDuration": "4_to_7", "InstallmentPercent": 3, "Sex": "male", "OthersOnLoan": "none", "CurrentResidenceDuration": 2, "OwnsProperty": "real_estate", "Age": 23, "InstallmentPlans": "none", "Housing": "rent", "ExistingCreditsCount": 1, "Job": "skilled", "Dependents": 1, "Telephone": "none", "ForeignWorker": "yes", "Risk": "No Risk"}, {"CheckingStatus": "no_checking", "LoanDuration": 23, "CreditHistory": "prior_payments_delayed", "LoanPurpose": "appliances", "LoanAmount": 6964, "ExistingSavings": "100_to_500", "EmploymentDuration": "4_to_7", "InstallmentPercent": 4, "Sex": "female", "OthersOnLoan": "none", "CurrentResidenceDuration": 3, "OwnsProperty": "car_other", "Age": 39, "InstallmentPlans": "none", "Housing": "own", "ExistingCreditsCount": 1, "Job": "skilled", "Dependents": 1, "Telephone": "none", "ForeignWorker": "yes", "Risk": "Risk"}, {"CheckingStatus": "0_to_200", "LoanDuration": 30, "CreditHistory": "outstanding_credit", "LoanPurpose": "appliances", "LoanAmount": 3464, "ExistingSavings": "100_to_500", "EmploymentDuration": "greater_7", "InstallmentPercent": 3, "Sex": "male", "OthersOnLoan": "guarantor", "CurrentResidenceDuration": 4, "OwnsProperty": "savings_insurance", "Age": 51, "InstallmentPlans": "stores", "Housing": "free", "ExistingCreditsCount": 1, "Job": "skilled", "Dependents": 1, "Telephone": "yes", "ForeignWorker": "yes", "Risk": "Risk"}, {"CheckingStatus": "no_checking", "LoanDuration": 23, "CreditHistory": "outstanding_credit", "LoanPurpose": "car_used", "LoanAmount": 2681, "ExistingSavings": "500_to_1000", "EmploymentDuration": "greater_7", "InstallmentPercent": 4, "Sex": "male", "OthersOnLoan": "none", "CurrentResidenceDuration": 3, "OwnsProperty": "car_other", "Age": 33, "InstallmentPlans": "stores", "Housing": "free", "ExistingCreditsCount": 1, "Job": "unskilled", "Dependents": 1, "Telephone": "yes", "ForeignWorker": "yes", "Risk": "No Risk"}, {"CheckingStatus": "0_to_200", "LoanDuration": 18, "CreditHistory": "prior_payments_delayed", "LoanPurpose": "furniture", "LoanAmount": 1673, "ExistingSavings": "less_100", "EmploymentDuration": "1_to_4", "InstallmentPercent": 2, "Sex": "male", "OthersOnLoan": "none", "CurrentResidenceDuration": 3, "OwnsProperty": "car_other", "Age": 30, "InstallmentPlans": "none", "Housing": "own", "ExistingCreditsCount": 2, "Job": "skilled", "Dependents": 1, "Telephone": "none", "ForeignWorker": "yes", "Risk": "Risk"}, {"CheckingStatus": "no_checking", "LoanDuration": 44, "CreditHistory": "outstanding_credit", "LoanPurpose": "radio_tv", "LoanAmount": 3476, "ExistingSavings": "unknown", "EmploymentDuration": "greater_7", "InstallmentPercent": 4, "Sex": "male", "OthersOnLoan": "co-applicant", "CurrentResidenceDuration": 4, "OwnsProperty": "unknown", "Age": 60, "InstallmentPlans": "none", "Housing": "free", "ExistingCreditsCount": 2, "Job": "skilled", "Dependents": 2, "Telephone": "yes", "ForeignWorker": "yes", "Risk": "Risk"}, {"CheckingStatus": "less_0", "LoanDuration": 8, "CreditHistory": "no_credits", "LoanPurpose": "education", "LoanAmount": 803, "ExistingSavings": "less_100", "EmploymentDuration": "unemployed", "InstallmentPercent": 1, "Sex": "male", "OthersOnLoan": "none", "CurrentResidenceDuration": 1, "OwnsProperty": "savings_insurance", "Age": 19, "InstallmentPlans": "stores", "Housing": "rent", "ExistingCreditsCount": 1, "Job": "skilled", "Dependents": 1, "Telephone": "none", "ForeignWorker": "yes", "Risk": "No Risk"}, {"CheckingStatus": "0_to_200", "LoanDuration": 7, "CreditHistory": "all_credits_paid_back", "LoanPurpose": "car_new", "LoanAmount": 250, "ExistingSavings": "less_100", "EmploymentDuration": "unemployed", "InstallmentPercent": 1, "Sex": "male", "OthersOnLoan": "none", "CurrentResidenceDuration": 1, "OwnsProperty": "real_estate", "Age": 19, "InstallmentPlans": "stores", "Housing": "rent", "ExistingCreditsCount": 1, "Job": "skilled", "Dependents": 1, "Telephone": "none", "ForeignWorker": "yes", "Risk": "No Risk"}, {"CheckingStatus": "0_to_200", "LoanDuration": 33, "CreditHistory": "credits_paid_to_date", "LoanPurpose": "radio_tv", "LoanAmount": 3548, "ExistingSavings": "100_to_500", "EmploymentDuration": "1_to_4", "InstallmentPercent": 3, "Sex": "male", "OthersOnLoan": "none", "CurrentResidenceDuration": 4, "OwnsProperty": "car_other", "Age": 28, "InstallmentPlans": "none", "Housing": "own", "ExistingCreditsCount": 2, "Job": "skilled", "Dependents": 1, "Telephone": "yes", "ForeignWorker": "yes", "Risk": "Risk"}, {"CheckingStatus": "no_checking", "LoanDuration": 24, "CreditHistory": "prior_payments_delayed", "LoanPurpose": "retraining", "LoanAmount": 4158, "ExistingSavings": "100_to_500", "EmploymentDuration": "greater_7", "InstallmentPercent": 3, "Sex": "female", "OthersOnLoan": "none", "CurrentResidenceDuration": 2, "OwnsProperty": "savings_insurance", "Age": 35, "InstallmentPlans": "stores", "Housing": "own", "ExistingCreditsCount": 1, "Job": "unskilled", "Dependents": 2, "Telephone": "none", "ForeignWorker": "yes", "Risk": "Risk"}, {"CheckingStatus": "no_checking", "LoanDuration": 30, "CreditHistory": "prior_payments_delayed", "LoanPurpose": "appliances", "LoanAmount": 5796, "ExistingSavings": "unknown", "EmploymentDuration": "4_to_7", "InstallmentPercent": 4, "Sex": "male", "OthersOnLoan": "none", "CurrentResidenceDuration": 4, "OwnsProperty": "car_other", "Age": 49, "InstallmentPlans": "none", "Housing": "own", "ExistingCreditsCount": 2, "Job": "management_self-employed", "Dependents": 2, "Telephone": "none", "ForeignWorker": "yes", "Risk": "No Risk"}, {"CheckingStatus": "0_to_200", "LoanDuration": 6, "CreditHistory": "prior_payments_delayed", "LoanPurpose": "furniture", "LoanAmount": 2079, "ExistingSavings": "500_to_1000", "EmploymentDuration": "less_1", "InstallmentPercent": 3, "Sex": "female", "OthersOnLoan": "none", "CurrentResidenceDuration": 3, "OwnsProperty": "savings_insurance", "Age": 35, "InstallmentPlans": "none", "Housing": "rent", "ExistingCreditsCount": 1, "Job": "skilled", "Dependents": 1, "Telephone": "none", "ForeignWorker": "yes", "Risk": "No Risk"}, {"CheckingStatus": "0_to_200", "LoanDuration": 16, "CreditHistory": "credits_paid_to_date", "LoanPurpose": "car_new", "LoanAmount": 4172, "ExistingSavings": "less_100", "EmploymentDuration": "4_to_7", "InstallmentPercent": 3, "Sex": "male", "OthersOnLoan": "none", "CurrentResidenceDuration": 3, "OwnsProperty": "savings_insurance", "Age": 30, "InstallmentPlans": "none", "Housing": "own", "ExistingCreditsCount": 1, "Job": "skilled", "Dependents": 1, "Telephone": "yes", "ForeignWorker": "yes", "Risk": "No Risk"}, {"CheckingStatus": "no_checking", "LoanDuration": 31, "CreditHistory": "outstanding_credit", "LoanPurpose": "appliances", "LoanAmount": 9149, "ExistingSavings": "unknown", "EmploymentDuration": "greater_7", "InstallmentPercent": 5, "Sex": "male", "OthersOnLoan": "co-applicant", "CurrentResidenceDuration": 3, "OwnsProperty": "unknown", "Age": 61, "InstallmentPlans": "none", "Housing": "own", "ExistingCreditsCount": 3, "Job": "skilled", "Dependents": 2, "Telephone": "yes", "ForeignWorker": "yes", "Risk": "Risk"}, {"CheckingStatus": "no_checking", "LoanDuration": 28, "CreditHistory": "outstanding_credit", "LoanPurpose": "appliances", "LoanAmount": 7653, "ExistingSavings": "unknown", "EmploymentDuration": "4_to_7", "InstallmentPercent": 4, "Sex": "male", "OthersOnLoan": "none", "CurrentResidenceDuration": 5, "OwnsProperty": "car_other", "Age": 42, "InstallmentPlans": "none", "Housing": "own", "ExistingCreditsCount": 2, "Job": "skilled", "Dependents": 1, "Telephone": "none", "ForeignWorker": "yes", "Risk": "No Risk"}, {"CheckingStatus": "0_to_200", "LoanDuration": 14, "CreditHistory": "credits_paid_to_date", "LoanPurpose": "furniture", "LoanAmount": 2056, "ExistingSavings": "less_100", "EmploymentDuration": "4_to_7", "InstallmentPercent": 3, "Sex": "male", "OthersOnLoan": "none", "CurrentResidenceDuration": 3, "OwnsProperty": "real_estate", "Age": 20, "InstallmentPlans": "none", "Housing": "rent", "ExistingCreditsCount": 1, "Job": "skilled", "Dependents": 1, "Telephone": "none", "ForeignWorker": "yes", "Risk": "No Risk"}, {"CheckingStatus": "no_checking", "LoanDuration": 29, "CreditHistory": "prior_payments_delayed", "LoanPurpose": "appliances", "LoanAmount": 4321, "ExistingSavings": "greater_1000", "EmploymentDuration": "4_to_7", "InstallmentPercent": 4, "Sex": "male", "OthersOnLoan": "none", "CurrentResidenceDuration": 4, "OwnsProperty": "savings_insurance", "Age": 39, "InstallmentPlans": "none", "Housing": "free", "ExistingCreditsCount": 2, "Job": "management_self-employed", "Dependents": 1, "Telephone": "yes", "ForeignWorker": "yes", "Risk": "Risk"}, {"CheckingStatus": "no_checking", "LoanDuration": 8, "CreditHistory": "prior_payments_delayed", "LoanPurpose": "car_new", "LoanAmount": 3332, "ExistingSavings": "greater_1000", "EmploymentDuration": "greater_7", "InstallmentPercent": 3, "Sex": "male", "OthersOnLoan": "none", "CurrentResidenceDuration": 2, "OwnsProperty": "savings_insurance", "Age": 43, "InstallmentPlans": "none", "Housing": "free", "ExistingCreditsCount": 2, "Job": "skilled", "Dependents": 1, "Telephone": "yes", "ForeignWorker": "yes", "Risk": "Risk"}, {"CheckingStatus": "0_to_200", "LoanDuration": 28, "CreditHistory": "credits_paid_to_date", "LoanPurpose": "furniture", "LoanAmount": 3021, "ExistingSavings": "less_100", "EmploymentDuration": "4_to_7", "InstallmentPercent": 3, "Sex": "male", "OthersOnLoan": "none", "CurrentResidenceDuration": 2, "OwnsProperty": "savings_insurance", "Age": 32, "InstallmentPlans": "none", "Housing": "own", "ExistingCreditsCount": 2, "Job": "skilled", "Dependents": 1, "Telephone": "none", "ForeignWorker": "yes", "Risk": "No Risk"}, {"CheckingStatus": "0_to_200", "LoanDuration": 4, "CreditHistory": "prior_payments_delayed", "LoanPurpose": "car_new", "LoanAmount": 250, "ExistingSavings": "less_100", "EmploymentDuration": "4_to_7", "InstallmentPercent": 2, "Sex": "male", "OthersOnLoan": "none", "CurrentResidenceDuration": 2, "OwnsProperty": "car_other", "Age": 52, "InstallmentPlans": "bank", "Housing": "rent", "ExistingCreditsCount": 1, "Job": "unemployed", "Dependents": 1, "Telephone": "yes", "ForeignWorker": "yes", "Risk": "No Risk"}, {"CheckingStatus": "0_to_200", "LoanDuration": 24, "CreditHistory": "outstanding_credit", "LoanPurpose": "business", "LoanAmount": 5245, "ExistingSavings": "100_to_500", "EmploymentDuration": "greater_7", "InstallmentPercent": 4, "Sex": "male", "OthersOnLoan": "none", "CurrentResidenceDuration": 4, "OwnsProperty": "unknown", "Age": 40, "InstallmentPlans": "none", "Housing": "own", "ExistingCreditsCount": 2, "Job": "management_self-employed", "Dependents": 1, "Telephone": "none", "ForeignWorker": "yes", "Risk": "Risk"}, {"CheckingStatus": "less_0", "LoanDuration": 4, "CreditHistory": "all_credits_paid_back", "LoanPurpose": "radio_tv", "LoanAmount": 1104, "ExistingSavings": "less_100", "EmploymentDuration": "1_to_4", "InstallmentPercent": 2, "Sex": "male", "OthersOnLoan": "none", "CurrentResidenceDuration": 1, "OwnsProperty": "savings_insurance", "Age": 21, "InstallmentPlans": "none", "Housing": "rent", "ExistingCreditsCount": 1, "Job": "skilled", "Dependents": 1, "Telephone": "none", "ForeignWorker": "yes", "Risk": "No Risk"}, {"CheckingStatus": "less_0", "LoanDuration": 10, "CreditHistory": "prior_payments_delayed", "LoanPurpose": "car_new", "LoanAmount": 250, "ExistingSavings": "less_100", "EmploymentDuration": "4_to_7", "InstallmentPercent": 3, "Sex": "male", "OthersOnLoan": "none", "CurrentResidenceDuration": 2, "OwnsProperty": "real_estate", "Age": 26, "InstallmentPlans": "none", "Housing": "own", "ExistingCreditsCount": 1, "Job": "skilled", "Dependents": 1, "Telephone": "none", "ForeignWorker": "yes", "Risk": "No Risk"}, {"CheckingStatus": "less_0", "LoanDuration": 6, "CreditHistory": "all_credits_paid_back", "LoanPurpose": "radio_tv", "LoanAmount": 250, "ExistingSavings": "less_100", "EmploymentDuration": "less_1", "InstallmentPercent": 1, "Sex": "female", "OthersOnLoan": "none", "CurrentResidenceDuration": 2, "OwnsProperty": "real_estate", "Age": 19, "InstallmentPlans": "none", "Housing": "own", "ExistingCreditsCount": 1, "Job": "skilled", "Dependents": 1, "Telephone": "none", "ForeignWorker": "yes", "Risk": "No Risk"}, {"CheckingStatus": "no_checking", "LoanDuration": 40, "CreditHistory": "outstanding_credit", "LoanPurpose": "education", "LoanAmount": 7277, "ExistingSavings": "unknown", "EmploymentDuration": "greater_7", "InstallmentPercent": 4, "Sex": "male", "OthersOnLoan": "co-applicant", "CurrentResidenceDuration": 5, "OwnsProperty": "car_other", "Age": 49, "InstallmentPlans": "none", "Housing": "own", "ExistingCreditsCount": 2, "Job": "skilled", "Dependents": 2, "Telephone": "yes", "ForeignWorker": "yes", "Risk": "Risk"}, {"CheckingStatus": "less_0", "LoanDuration": 23, "CreditHistory": "credits_paid_to_date", "LoanPurpose": "repairs", "LoanAmount": 1348, "ExistingSavings": "500_to_1000", "EmploymentDuration": "1_to_4", "InstallmentPercent": 3, "Sex": "male", "OthersOnLoan": "none", "CurrentResidenceDuration": 2, "OwnsProperty": "savings_insurance", "Age": 35, "InstallmentPlans": "bank", "Housing": "own", "ExistingCreditsCount": 2, "Job": "unskilled", "Dependents": 1, "Telephone": "yes", "ForeignWorker": "yes", "Risk": "No Risk"}, {"CheckingStatus": "no_checking", "LoanDuration": 31, "CreditHistory": "prior_payments_delayed", "LoanPurpose": "car_used", "LoanAmount": 5011, "ExistingSavings": "100_to_500", "EmploymentDuration": "1_to_4", "InstallmentPercent": 3, "Sex": "male", "OthersOnLoan": "none", "CurrentResidenceDuration": 3, "OwnsProperty": "savings_insurance", "Age": 41, "InstallmentPlans": "stores", "Housing": "own", "ExistingCreditsCount": 1, "Job": "unskilled", "Dependents": 1, "Telephone": "yes", "ForeignWorker": "no", "Risk": "No Risk"}, {"CheckingStatus": "0_to_200", "LoanDuration": 21, "CreditHistory": "credits_paid_to_date", "LoanPurpose": "car_new", "LoanAmount": 1658, "ExistingSavings": "less_100", "EmploymentDuration": "less_1", "InstallmentPercent": 2, "Sex": "male", "OthersOnLoan": "none", "CurrentResidenceDuration": 3, "OwnsProperty": "savings_insurance", "Age": 27, "InstallmentPlans": "none", "Housing": "own", "ExistingCreditsCount": 2, "Job": "skilled", "Dependents": 1, "Telephone": "yes", "ForeignWorker": "yes", "Risk": "Risk"}, {"CheckingStatus": "no_checking", "LoanDuration": 43, "CreditHistory": "prior_payments_delayed", "LoanPurpose": "appliances", "LoanAmount": 6744, "ExistingSavings": "greater_1000", "EmploymentDuration": "4_to_7", "InstallmentPercent": 3, "Sex": "male", "OthersOnLoan": "co-applicant", "CurrentResidenceDuration": 5, "OwnsProperty": "savings_insurance", "Age": 35, "InstallmentPlans": "none", "Housing": "own", "ExistingCreditsCount": 2, "Job": "skilled", "Dependents": 1, "Telephone": "none", "ForeignWorker": "yes", "Risk": "No Risk"}, {"CheckingStatus": "less_0", "LoanDuration": 4, "CreditHistory": "all_credits_paid_back", "LoanPurpose": "car_used", "LoanAmount": 250, "ExistingSavings": "less_100", "EmploymentDuration": "less_1", "InstallmentPercent": 1, "Sex": "female", "OthersOnLoan": "none", "CurrentResidenceDuration": 2, "OwnsProperty": "real_estate", "Age": 22, "InstallmentPlans": "none", "Housing": "rent", "ExistingCreditsCount": 1, "Job": "skilled", "Dependents": 1, "Telephone": "none", "ForeignWorker": "yes", "Risk": "No Risk"}, {"CheckingStatus": "0_to_200", "LoanDuration": 24, "CreditHistory": "credits_paid_to_date", "LoanPurpose": "car_used", "LoanAmount": 3294, "ExistingSavings": "less_100", "EmploymentDuration": "less_1", "InstallmentPercent": 3, "Sex": "male", "OthersOnLoan": "none", "CurrentResidenceDuration": 4, "OwnsProperty": "real_estate", "Age": 25, "InstallmentPlans": "none", "Housing": "own", "ExistingCreditsCount": 1, "Job": "management_self-employed", "Dependents": 1, "Telephone": "none", "ForeignWorker": "no", "Risk": "No Risk"}, {"CheckingStatus": "greater_200", "LoanDuration": 17, "CreditHistory": "credits_paid_to_date", "LoanPurpose": "car_new", "LoanAmount": 3581, "ExistingSavings": "less_100", "EmploymentDuration": "1_to_4", "InstallmentPercent": 2, "Sex": "male", "OthersOnLoan": "none", "CurrentResidenceDuration": 4, "OwnsProperty": "savings_insurance", "Age": 25, "InstallmentPlans": "none", "Housing": "own", "ExistingCreditsCount": 1, "Job": "skilled", "Dependents": 1, "Telephone": "yes", "ForeignWorker": "yes", "Risk": "No Risk"}, {"CheckingStatus": "no_checking", "LoanDuration": 52, "CreditHistory": "outstanding_credit", "LoanPurpose": "appliances", "LoanAmount": 9249, "ExistingSavings": "unknown", "EmploymentDuration": "greater_7", "InstallmentPercent": 5, "Sex": "male", "OthersOnLoan": "co-applicant", "CurrentResidenceDuration": 4, "OwnsProperty": "unknown", "Age": 52, "InstallmentPlans": "none", "Housing": "free", "ExistingCreditsCount": 3, "Job": "skilled", "Dependents": 2, "Telephone": "yes", "ForeignWorker": "yes", "Risk": "Risk"}, {"CheckingStatus": "0_to_200", "LoanDuration": 15, "CreditHistory": "prior_payments_delayed", "LoanPurpose": "retraining", "LoanAmount": 398, "ExistingSavings": "less_100", "EmploymentDuration": "less_1", "InstallmentPercent": 2, "Sex": "male", "OthersOnLoan": "co-applicant", "CurrentResidenceDuration": 2, "OwnsProperty": "savings_insurance", "Age": 44, "InstallmentPlans": "none", "Housing": "own", "ExistingCreditsCount": 1, "Job": "skilled", "Dependents": 1, "Telephone": "yes", "ForeignWorker": "yes", "Risk": "No Risk"}, {"CheckingStatus": "0_to_200", "LoanDuration": 26, "CreditHistory": "credits_paid_to_date", "LoanPurpose": "car_used", "LoanAmount": 3650, "ExistingSavings": "less_100", "EmploymentDuration": "1_to_4", "InstallmentPercent": 3, "Sex": "male", "OthersOnLoan": "none", "CurrentResidenceDuration": 4, "OwnsProperty": "savings_insurance", "Age": 32, "InstallmentPlans": "stores", "Housing": "own", "ExistingCreditsCount": 1, "Job": "unskilled", "Dependents": 1, "Telephone": "none", "ForeignWorker": "yes", "Risk": "Risk"}, {"CheckingStatus": "less_0", "LoanDuration": 4, "CreditHistory": "credits_paid_to_date", "LoanPurpose": "car_new", "LoanAmount": 250, "ExistingSavings": "100_to_500", "EmploymentDuration": "less_1", "InstallmentPercent": 1, "Sex": "female", "OthersOnLoan": "none", "CurrentResidenceDuration": 1, "OwnsProperty": "real_estate", "Age": 19, "InstallmentPlans": "bank", "Housing": "rent", "ExistingCreditsCount": 1, "Job": "unskilled", "Dependents": 1, "Telephone": "none", "ForeignWorker": "yes", "Risk": "No Risk"}, {"CheckingStatus": "0_to_200", "LoanDuration": 16, "CreditHistory": "credits_paid_to_date", "LoanPurpose": "furniture", "LoanAmount": 1694, "ExistingSavings": "100_to_500", "EmploymentDuration": "4_to_7", "InstallmentPercent": 3, "Sex": "female", "OthersOnLoan": "none", "CurrentResidenceDuration": 3, "OwnsProperty": "savings_insurance", "Age": 37, "InstallmentPlans": "none", "Housing": "own", "ExistingCreditsCount": 2, "Job": "skilled", "Dependents": 1, "Telephone": "none", "ForeignWorker": "yes", "Risk": "No Risk"}, {"CheckingStatus": "no_checking", "LoanDuration": 48, "CreditHistory": "outstanding_credit", "LoanPurpose": "education", "LoanAmount": 10197, "ExistingSavings": "500_to_1000", "EmploymentDuration": "4_to_7", "InstallmentPercent": 4, "Sex": "male", "OthersOnLoan": "co-applicant", "CurrentResidenceDuration": 3, "OwnsProperty": "unknown", "Age": 36, "InstallmentPlans": "none", "Housing": "free", "ExistingCreditsCount": 2, "Job": "skilled", "Dependents": 1, "Telephone": "yes", "ForeignWorker": "yes", "Risk": "Risk"}, {"CheckingStatus": "no_checking", "LoanDuration": 43, "CreditHistory": "prior_payments_delayed", "LoanPurpose": "repairs", "LoanAmount": 5648, "ExistingSavings": "unknown", "EmploymentDuration": "greater_7", "InstallmentPercent": 4, "Sex": "male", "OthersOnLoan": "co-applicant", "CurrentResidenceDuration": 5, "OwnsProperty": "unknown", "Age": 49, "InstallmentPlans": "none", "Housing": "own", "ExistingCreditsCount": 3, "Job": "skilled", "Dependents": 2, "Telephone": "yes", "ForeignWorker": "yes", "Risk": "Risk"}, {"CheckingStatus": "0_to_200", "LoanDuration": 13, "CreditHistory": "prior_payments_delayed", "LoanPurpose": "radio_tv", "LoanAmount": 2217, "ExistingSavings": "greater_1000", "EmploymentDuration": "1_to_4", "InstallmentPercent": 3, "Sex": "male", "OthersOnLoan": "co-applicant", "CurrentResidenceDuration": 4, "OwnsProperty": "unknown", "Age": 46, "InstallmentPlans": "bank", "Housing": "own", "ExistingCreditsCount": 1, "Job": "unemployed", "Dependents": 1, "Telephone": "yes", "ForeignWorker": "no", "Risk": "Risk"}, {"CheckingStatus": "greater_200", "LoanDuration": 24, "CreditHistory": "credits_paid_to_date", "LoanPurpose": "car_used", "LoanAmount": 6428, "ExistingSavings": "less_100", "EmploymentDuration": "4_to_7", "InstallmentPercent": 4, "Sex": "female", "OthersOnLoan": "none", "CurrentResidenceDuration": 4, "OwnsProperty": "car_other", "Age": 54, "InstallmentPlans": "none", "Housing": "own", "ExistingCreditsCount": 1, "Job": "skilled", "Dependents": 1, "Telephone": "yes", "ForeignWorker": "yes", "Risk": "Risk"}, {"CheckingStatus": "0_to_200", "LoanDuration": 12, "CreditHistory": "no_credits", "LoanPurpose": "car_new", "LoanAmount": 250, "ExistingSavings": "less_100", "EmploymentDuration": "less_1", "InstallmentPercent": 2, "Sex": "female", "OthersOnLoan": "none", "CurrentResidenceDuration": 1, "OwnsProperty": "real_estate", "Age": 20, "InstallmentPlans": "bank", "Housing": "rent", "ExistingCreditsCount": 1, "Job": "unskilled", "Dependents": 1, "Telephone": "none", "ForeignWorker": "yes", "Risk": "No Risk"}, {"CheckingStatus": "0_to_200", "LoanDuration": 24, "CreditHistory": "outstanding_credit", "LoanPurpose": "radio_tv", "LoanAmount": 9282, "ExistingSavings": "500_to_1000", "EmploymentDuration": "1_to_4", "InstallmentPercent": 4, "Sex": "male", "OthersOnLoan": "none", "CurrentResidenceDuration": 5, "OwnsProperty": "car_other", "Age": 32, "InstallmentPlans": "none", "Housing": "own", "ExistingCreditsCount": 2, "Job": "management_self-employed", "Dependents": 1, "Telephone": "none", "ForeignWorker": "yes", "Risk": "No Risk"}, {"CheckingStatus": "less_0", "LoanDuration": 8, "CreditHistory": "no_credits", "LoanPurpose": "radio_tv", "LoanAmount": 250, "ExistingSavings": "less_100", "EmploymentDuration": "unemployed", "InstallmentPercent": 1, "Sex": "male", "OthersOnLoan": "none", "CurrentResidenceDuration": 1, "OwnsProperty": "real_estate", "Age": 19, "InstallmentPlans": "bank", "Housing": "rent", "ExistingCreditsCount": 1, "Job": "unemployed", "Dependents": 1, "Telephone": "none", "ForeignWorker": "yes", "Risk": "No Risk"}, {"CheckingStatus": "no_checking", "LoanDuration": 25, "CreditHistory": "prior_payments_delayed", "LoanPurpose": "radio_tv", "LoanAmount": 5159, "ExistingSavings": "100_to_500", "EmploymentDuration": "1_to_4", "InstallmentPercent": 3, "Sex": "male", "OthersOnLoan": "none", "CurrentResidenceDuration": 4, "OwnsProperty": "car_other", "Age": 53, "InstallmentPlans": "none", "Housing": "own", "ExistingCreditsCount": 1, "Job": "management_self-employed", "Dependents": 2, "Telephone": "yes", "ForeignWorker": "yes", "Risk": "Risk"}, {"CheckingStatus": "less_0", "LoanDuration": 4, "CreditHistory": "credits_paid_to_date", "LoanPurpose": "car_new", "LoanAmount": 250, "ExistingSavings": "less_100", "EmploymentDuration": "unemployed", "InstallmentPercent": 1, "Sex": "male", "OthersOnLoan": "co-applicant", "CurrentResidenceDuration": 2, "OwnsProperty": "real_estate", "Age": 31, "InstallmentPlans": "stores", "Housing": "own", "ExistingCreditsCount": 1, "Job": "skilled", "Dependents": 1, "Telephone": "none", "ForeignWorker": "yes", "Risk": "No Risk"}, {"CheckingStatus": "no_checking", "LoanDuration": 25, "CreditHistory": "outstanding_credit", "LoanPurpose": "business", "LoanAmount": 6725, "ExistingSavings": "500_to_1000", "EmploymentDuration": "4_to_7", "InstallmentPercent": 3, "Sex": "male", "OthersOnLoan": "none", "CurrentResidenceDuration": 4, "OwnsProperty": "unknown", "Age": 50, "InstallmentPlans": "none", "Housing": "own", "ExistingCreditsCount": 2, "Job": "skilled", "Dependents": 2, "Telephone": "yes", "ForeignWorker": "yes", "Risk": "Risk"}, {"CheckingStatus": "no_checking", "LoanDuration": 19, "CreditHistory": "outstanding_credit", "LoanPurpose": "car_used", "LoanAmount": 5092, "ExistingSavings": "500_to_1000", "EmploymentDuration": "4_to_7", "InstallmentPercent": 4, "Sex": "male", "OthersOnLoan": "none", "CurrentResidenceDuration": 5, "OwnsProperty": "savings_insurance", "Age": 38, "InstallmentPlans": "none", "Housing": "own", "ExistingCreditsCount": 1, "Job": "management_self-employed", "Dependents": 1, "Telephone": "yes", "ForeignWorker": "yes", "Risk": "No Risk"}, {"CheckingStatus": "0_to_200", "LoanDuration": 26, "CreditHistory": "all_credits_paid_back", "LoanPurpose": "furniture", "LoanAmount": 3635, "ExistingSavings": "less_100", "EmploymentDuration": "4_to_7", "InstallmentPercent": 4, "Sex": "male", "OthersOnLoan": "co-applicant", "CurrentResidenceDuration": 2, "OwnsProperty": "car_other", "Age": 35, "InstallmentPlans": "none", "Housing": "free", "ExistingCreditsCount": 2, "Job": "skilled", "Dependents": 1, "Telephone": "yes", "ForeignWorker": "yes", "Risk": "Risk"}, {"CheckingStatus": "0_to_200", "LoanDuration": 30, "CreditHistory": "credits_paid_to_date", "LoanPurpose": "radio_tv", "LoanAmount": 1638, "ExistingSavings": "500_to_1000", "EmploymentDuration": "1_to_4", "InstallmentPercent": 2, "Sex": "female", "OthersOnLoan": "none", "CurrentResidenceDuration": 1, "OwnsProperty": "savings_insurance", "Age": 21, "InstallmentPlans": "stores", "Housing": "rent", "ExistingCreditsCount": 1, "Job": "skilled", "Dependents": 1, "Telephone": "none", "ForeignWorker": "yes", "Risk": "Risk"}, {"CheckingStatus": "no_checking", "LoanDuration": 30, "CreditHistory": "outstanding_credit", "LoanPurpose": "furniture", "LoanAmount": 7499, "ExistingSavings": "unknown", "EmploymentDuration": "greater_7", "InstallmentPercent": 5, "Sex": "male", "OthersOnLoan": "co-applicant", "CurrentResidenceDuration": 5, "OwnsProperty": "car_other", "Age": 60, "InstallmentPlans": "none", "Housing": "free", "ExistingCreditsCount": 2, "Job": "skilled", "Dependents": 2, "Telephone": "yes", "ForeignWorker": "yes", "Risk": "Risk"}, {"CheckingStatus": "greater_200", "LoanDuration": 5, "CreditHistory": "credits_paid_to_date", "LoanPurpose": "car_new", "LoanAmount": 1674, "ExistingSavings": "less_100", "EmploymentDuration": "less_1", "InstallmentPercent": 3, "Sex": "female", "OthersOnLoan": "co-applicant", "CurrentResidenceDuration": 3, "OwnsProperty": "real_estate", "Age": 31, "InstallmentPlans": "none", "Housing": "own", "ExistingCreditsCount": 1, "Job": "skilled", "Dependents": 1, "Telephone": "yes", "ForeignWorker": "yes", "Risk": "No Risk"}, {"CheckingStatus": "less_0", "LoanDuration": 16, "CreditHistory": "credits_paid_to_date", "LoanPurpose": "car_new", "LoanAmount": 250, "ExistingSavings": "less_100", "EmploymentDuration": "4_to_7", "InstallmentPercent": 2, "Sex": "male", "OthersOnLoan": "none", "CurrentResidenceDuration": 1, "OwnsProperty": "real_estate", "Age": 29, "InstallmentPlans": "stores", "Housing": "free", "ExistingCreditsCount": 1, "Job": "unskilled", "Dependents": 1, "Telephone": "none", "ForeignWorker": "yes", "Risk": "No Risk"}, {"CheckingStatus": "less_0", "LoanDuration": 32, "CreditHistory": "outstanding_credit", "LoanPurpose": "appliances", "LoanAmount": 3511, "ExistingSavings": "100_to_500", "EmploymentDuration": "4_to_7", "InstallmentPercent": 4, "Sex": "male", "OthersOnLoan": "none", "CurrentResidenceDuration": 2, "OwnsProperty": "car_other", "Age": 24, "InstallmentPlans": "none", "Housing": "own", "ExistingCreditsCount": 1, "Job": "skilled", "Dependents": 1, "Telephone": "yes", "ForeignWorker": "yes", "Risk": "No Risk"}, {"CheckingStatus": "0_to_200", "LoanDuration": 24, "CreditHistory": "outstanding_credit", "LoanPurpose": "appliances", "LoanAmount": 4511, "ExistingSavings": "100_to_500", "EmploymentDuration": "greater_7", "InstallmentPercent": 4, "Sex": "male", "OthersOnLoan": "none", "CurrentResidenceDuration": 4, "OwnsProperty": "unknown", "Age": 46, "InstallmentPlans": "none", "Housing": "own", "ExistingCreditsCount": 1, "Job": "skilled", "Dependents": 1, "Telephone": "none", "ForeignWorker": "no", "Risk": "No Risk"}, {"CheckingStatus": "less_0", "LoanDuration": 4, "CreditHistory": "prior_payments_delayed", "LoanPurpose": "car_used", "LoanAmount": 1394, "ExistingSavings": "less_100", "EmploymentDuration": "1_to_4", "InstallmentPercent": 3, "Sex": "female", "OthersOnLoan": "none", "CurrentResidenceDuration": 1, "OwnsProperty": "savings_insurance", "Age": 28, "InstallmentPlans": "none", "Housing": "own", "ExistingCreditsCount": 1, "Job": "skilled", "Dependents": 1, "Telephone": "none", "ForeignWorker": "yes", "Risk": "No Risk"}, {"CheckingStatus": "0_to_200", "LoanDuration": 23, "CreditHistory": "credits_paid_to_date", "LoanPurpose": "radio_tv", "LoanAmount": 2795, "ExistingSavings": "less_100", "EmploymentDuration": "1_to_4", "InstallmentPercent": 3, "Sex": "male", "OthersOnLoan": "none", "CurrentResidenceDuration": 3, "OwnsProperty": "car_other", "Age": 29, "InstallmentPlans": "none", "Housing": "own", "ExistingCreditsCount": 1, "Job": "skilled", "Dependents": 1, "Telephone": "none", "ForeignWorker": "yes", "Risk": "No Risk"}, {"CheckingStatus": "no_checking", "LoanDuration": 17, "CreditHistory": "credits_paid_to_date", "LoanPurpose": "retraining", "LoanAmount": 4331, "ExistingSavings": "less_100", "EmploymentDuration": "less_1", "InstallmentPercent": 3, "Sex": "male", "OthersOnLoan": "none", "CurrentResidenceDuration": 3, "OwnsProperty": "savings_insurance", "Age": 32, "InstallmentPlans": "none", "Housing": "free", "ExistingCreditsCount": 1, "Job": "management_self-employed", "Dependents": 1, "Telephone": "none", "ForeignWorker": "yes", "Risk": "No Risk"}, {"CheckingStatus": "0_to_200", "LoanDuration": 16, "CreditHistory": "prior_payments_delayed", "LoanPurpose": "radio_tv", "LoanAmount": 2373, "ExistingSavings": "less_100", "EmploymentDuration": "1_to_4", "InstallmentPercent": 3, "Sex": "female", "OthersOnLoan": "none", "CurrentResidenceDuration": 1, "OwnsProperty": "savings_insurance", "Age": 32, "InstallmentPlans": "none", "Housing": "free", "ExistingCreditsCount": 2, "Job": "skilled", "Dependents": 1, "Telephone": "none", "ForeignWorker": "yes", "Risk": "No Risk"}, {"CheckingStatus": "no_checking", "LoanDuration": 38, "CreditHistory": "prior_payments_delayed", "LoanPurpose": "furniture", "LoanAmount": 8742, "ExistingSavings": "500_to_1000", "EmploymentDuration": "4_to_7", "InstallmentPercent": 3, "Sex": "male", "OthersOnLoan": "co-applicant", "CurrentResidenceDuration": 4, "OwnsProperty": "unknown", "Age": 46, "InstallmentPlans": "none", "Housing": "free", "ExistingCreditsCount": 2, "Job": "skilled", "Dependents": 1, "Telephone": "yes", "ForeignWorker": "yes", "Risk": "Risk"}, {"CheckingStatus": "greater_200", "LoanDuration": 28, "CreditHistory": "prior_payments_delayed", "LoanPurpose": "radio_tv", "LoanAmount": 3936, "ExistingSavings": "100_to_500", "EmploymentDuration": "1_to_4", "InstallmentPercent": 4, "Sex": "male", "OthersOnLoan": "none", "CurrentResidenceDuration": 4, "OwnsProperty": "car_other", "Age": 36, "InstallmentPlans": "none", "Housing": "free", "ExistingCreditsCount": 2, "Job": "management_self-employed", "Dependents": 1, "Telephone": "yes", "ForeignWorker": "yes", "Risk": "No Risk"}, {"CheckingStatus": "less_0", "LoanDuration": 24, "CreditHistory": "prior_payments_delayed", "LoanPurpose": "furniture", "LoanAmount": 5098, "ExistingSavings": "less_100", "EmploymentDuration": "4_to_7", "InstallmentPercent": 4, "Sex": "female", "OthersOnLoan": "none", "CurrentResidenceDuration": 2, "OwnsProperty": "car_other", "Age": 39, "InstallmentPlans": "none", "Housing": "own", "ExistingCreditsCount": 2, "Job": "skilled", "Dependents": 1, "Telephone": "none", "ForeignWorker": "yes", "Risk": "Risk"}, {"CheckingStatus": "no_checking", "LoanDuration": 27, "CreditHistory": "prior_payments_delayed", "LoanPurpose": "furniture", "LoanAmount": 5250, "ExistingSavings": "100_to_500", "EmploymentDuration": "1_to_4", "InstallmentPercent": 4, "Sex": "male", "OthersOnLoan": "none", "CurrentResidenceDuration": 2, "OwnsProperty": "car_other", "Age": 53, "InstallmentPlans": "none", "Housing": "own", "ExistingCreditsCount": 2, "Job": "skilled", "Dependents": 1, "Telephone": "yes", "ForeignWorker": "yes", "Risk": "Risk"}, {"CheckingStatus": "less_0", "LoanDuration": 4, "CreditHistory": "all_credits_paid_back", "LoanPurpose": "car_used", "LoanAmount": 250, "ExistingSavings": "less_100", "EmploymentDuration": "1_to_4", "InstallmentPercent": 1, "Sex": "female", "OthersOnLoan": "none", "CurrentResidenceDuration": 2, "OwnsProperty": "real_estate", "Age": 25, "InstallmentPlans": "stores", "Housing": "rent", "ExistingCreditsCount": 1, "Job": "skilled", "Dependents": 1, "Telephone": "none", "ForeignWorker": "yes", "Risk": "No Risk"}, {"CheckingStatus": "less_0", "LoanDuration": 14, "CreditHistory": "prior_payments_delayed", "LoanPurpose": "vacation", "LoanAmount": 4398, "ExistingSavings": "less_100", "EmploymentDuration": "1_to_4", "InstallmentPercent": 3, "Sex": "male", "OthersOnLoan": "none", "CurrentResidenceDuration": 3, "OwnsProperty": "car_other", "Age": 31, "InstallmentPlans": "none", "Housing": "own", "ExistingCreditsCount": 2, "Job": "skilled", "Dependents": 1, "Telephone": "none", "ForeignWorker": "yes", "Risk": "No Risk"}, {"CheckingStatus": "0_to_200", "LoanDuration": 4, "CreditHistory": "all_credits_paid_back", "LoanPurpose": "car_new", "LoanAmount": 250, "ExistingSavings": "less_100", "EmploymentDuration": "1_to_4", "InstallmentPercent": 2, "Sex": "female", "OthersOnLoan": "none", "CurrentResidenceDuration": 1, "OwnsProperty": "real_estate", "Age": 42, "InstallmentPlans": "none", "Housing": "own", "ExistingCreditsCount": 1, "Job": "skilled", "Dependents": 1, "Telephone": "none", "ForeignWorker": "yes", "Risk": "No Risk"}, {"CheckingStatus": "less_0", "LoanDuration": 16, "CreditHistory": "credits_paid_to_date", "LoanPurpose": "furniture", "LoanAmount": 2291, "ExistingSavings": "less_100", "EmploymentDuration": "less_1", "InstallmentPercent": 3, "Sex": "male", "OthersOnLoan": "none", "CurrentResidenceDuration": 2, "OwnsProperty": "savings_insurance", "Age": 32, "InstallmentPlans": "stores", "Housing": "rent", "ExistingCreditsCount": 1, "Job": "unskilled", "Dependents": 1, "Telephone": "none", "ForeignWorker": "yes", "Risk": "No Risk"}, {"CheckingStatus": "no_checking", "LoanDuration": 31, "CreditHistory": "prior_payments_delayed", "LoanPurpose": "furniture", "LoanAmount": 7079, "ExistingSavings": "100_to_500", "EmploymentDuration": "less_1", "InstallmentPercent": 4, "Sex": "female", "OthersOnLoan": "none", "CurrentResidenceDuration": 3, "OwnsProperty": "car_other", "Age": 43, "InstallmentPlans": "none", "Housing": "own", "ExistingCreditsCount": 2, "Job": "skilled", "Dependents": 2, "Telephone": "yes", "ForeignWorker": "yes", "Risk": "No Risk"}, {"CheckingStatus": "0_to_200", "LoanDuration": 14, "CreditHistory": "credits_paid_to_date", "LoanPurpose": "car_new", "LoanAmount": 4366, "ExistingSavings": "100_to_500", "EmploymentDuration": "1_to_4", "InstallmentPercent": 3, "Sex": "female", "OthersOnLoan": "none", "CurrentResidenceDuration": 1, "OwnsProperty": "car_other", "Age": 37, "InstallmentPlans": "none", "Housing": "own", "ExistingCreditsCount": 1, "Job": "skilled", "Dependents": 1, "Telephone": "none", "ForeignWorker": "yes", "Risk": "No Risk"}, {"CheckingStatus": "no_checking", "LoanDuration": 17, "CreditHistory": "credits_paid_to_date", "LoanPurpose": "repairs", "LoanAmount": 3418, "ExistingSavings": "100_to_500", "EmploymentDuration": "less_1", "InstallmentPercent": 2, "Sex": "male", "OthersOnLoan": "none", "CurrentResidenceDuration": 4, "OwnsProperty": "car_other", "Age": 43, "InstallmentPlans": "stores", "Housing": "own", "ExistingCreditsCount": 2, "Job": "unskilled", "Dependents": 1, "Telephone": "none", "ForeignWorker": "yes", "Risk": "Risk"}, {"CheckingStatus": "less_0", "LoanDuration": 20, "CreditHistory": "credits_paid_to_date", "LoanPurpose": "furniture", "LoanAmount": 902, "ExistingSavings": "less_100", "EmploymentDuration": "4_to_7", "InstallmentPercent": 2, "Sex": "male", "OthersOnLoan": "none", "CurrentResidenceDuration": 1, "OwnsProperty": "savings_insurance", "Age": 26, "InstallmentPlans": "stores", "Housing": "own", "ExistingCreditsCount": 1, "Job": "unskilled", "Dependents": 1, "Telephone": "none", "ForeignWorker": "no", "Risk": "No Risk"}, {"CheckingStatus": "less_0", "LoanDuration": 4, "CreditHistory": "credits_paid_to_date", "LoanPurpose": "car_used", "LoanAmount": 250, "ExistingSavings": "500_to_1000", "EmploymentDuration": "less_1", "InstallmentPercent": 1, "Sex": "female", "OthersOnLoan": "none", "CurrentResidenceDuration": 1, "OwnsProperty": "real_estate", "Age": 19, "InstallmentPlans": "stores", "Housing": "own", "ExistingCreditsCount": 1, "Job": "unskilled", "Dependents": 1, "Telephone": "none", "ForeignWorker": "yes", "Risk": "No Risk"}, {"CheckingStatus": "0_to_200", "LoanDuration": 17, "CreditHistory": "no_credits", "LoanPurpose": "car_new", "LoanAmount": 1662, "ExistingSavings": "less_100", "EmploymentDuration": "less_1", "InstallmentPercent": 2, "Sex": "female", "OthersOnLoan": "none", "CurrentResidenceDuration": 2, "OwnsProperty": "savings_insurance", "Age": 32, "InstallmentPlans": "none", "Housing": "own", "ExistingCreditsCount": 2, "Job": "skilled", "Dependents": 1, "Telephone": "yes", "ForeignWorker": "yes", "Risk": "No Risk"}, {"CheckingStatus": "0_to_200", "LoanDuration": 27, "CreditHistory": "credits_paid_to_date", "LoanPurpose": "education", "LoanAmount": 1272, "ExistingSavings": "greater_1000", "EmploymentDuration": "1_to_4", "InstallmentPercent": 3, "Sex": "male", "OthersOnLoan": "none", "CurrentResidenceDuration": 2, "OwnsProperty": "savings_insurance", "Age": 37, "InstallmentPlans": "stores", "Housing": "own", "ExistingCreditsCount": 2, "Job": "unskilled", "Dependents": 1, "Telephone": "none", "ForeignWorker": "no", "Risk": "No Risk"}, {"CheckingStatus": "less_0", "LoanDuration": 14, "CreditHistory": "prior_payments_delayed", "LoanPurpose": "radio_tv", "LoanAmount": 1640, "ExistingSavings": "500_to_1000", "EmploymentDuration": "less_1", "InstallmentPercent": 2, "Sex": "male", "OthersOnLoan": "none", "CurrentResidenceDuration": 2, "OwnsProperty": "real_estate", "Age": 29, "InstallmentPlans": "none", "Housing": "rent", "ExistingCreditsCount": 2, "Job": "skilled", "Dependents": 1, "Telephone": "none", "ForeignWorker": "yes", "Risk": "No Risk"}, {"CheckingStatus": "greater_200", "LoanDuration": 20, "CreditHistory": "credits_paid_to_date", "LoanPurpose": "car_new", "LoanAmount": 250, "ExistingSavings": "100_to_500", "EmploymentDuration": "1_to_4", "InstallmentPercent": 2, "Sex": "male", "OthersOnLoan": "none", "CurrentResidenceDuration": 3, "OwnsProperty": "savings_insurance", "Age": 44, "InstallmentPlans": "none", "Housing": "own", "ExistingCreditsCount": 1, "Job": "skilled", "Dependents": 1, "Telephone": "yes", "ForeignWorker": "yes", "Risk": "No Risk"}, {"CheckingStatus": "no_checking", "LoanDuration": 33, "CreditHistory": "all_credits_paid_back", "LoanPurpose": "education", "LoanAmount": 6126, "ExistingSavings": "less_100", "EmploymentDuration": "4_to_7", "InstallmentPercent": 5, "Sex": "male", "OthersOnLoan": "none", "CurrentResidenceDuration": 3, "OwnsProperty": "savings_insurance", "Age": 33, "InstallmentPlans": "stores", "Housing": "rent", "ExistingCreditsCount": 1, "Job": "unskilled", "Dependents": 1, "Telephone": "none", "ForeignWorker": "yes", "Risk": "Risk"}, {"CheckingStatus": "0_to_200", "LoanDuration": 8, "CreditHistory": "prior_payments_delayed", "LoanPurpose": "car_new", "LoanAmount": 731, "ExistingSavings": "greater_1000", "EmploymentDuration": "1_to_4", "InstallmentPercent": 3, "Sex": "female", "OthersOnLoan": "none", "CurrentResidenceDuration": 2, "OwnsProperty": "savings_insurance", "Age": 33, "InstallmentPlans": "bank", "Housing": "rent", "ExistingCreditsCount": 1, "Job": "unemployed", "Dependents": 2, "Telephone": "none", "ForeignWorker": "yes", "Risk": "No Risk"}, {"CheckingStatus": "no_checking", "LoanDuration": 31, "CreditHistory": "prior_payments_delayed", "LoanPurpose": "vacation", "LoanAmount": 5086, "ExistingSavings": "100_to_500", "EmploymentDuration": "greater_7", "InstallmentPercent": 5, "Sex": "male", "OthersOnLoan": "none", "CurrentResidenceDuration": 3, "OwnsProperty": "savings_insurance", "Age": 44, "InstallmentPlans": "none", "Housing": "free", "ExistingCreditsCount": 2, "Job": "management_self-employed", "Dependents": 1, "Telephone": "none", "ForeignWorker": "yes", "Risk": "Risk"}, {"CheckingStatus": "less_0", "LoanDuration": 15, "CreditHistory": "prior_payments_delayed", "LoanPurpose": "furniture", "LoanAmount": 3986, "ExistingSavings": "less_100", "EmploymentDuration": "less_1", "InstallmentPercent": 2, "Sex": "male", "OthersOnLoan": "none", "CurrentResidenceDuration": 2, "OwnsProperty": "car_other", "Age": 19, "InstallmentPlans": "bank", "Housing": "rent", "ExistingCreditsCount": 1, "Job": "unskilled", "Dependents": 1, "Telephone": "none", "ForeignWorker": "yes", "Risk": "No Risk"}, {"CheckingStatus": "0_to_200", "LoanDuration": 13, "CreditHistory": "credits_paid_to_date", "LoanPurpose": "car_new", "LoanAmount": 1700, "ExistingSavings": "less_100", "EmploymentDuration": "4_to_7", "InstallmentPercent": 3, "Sex": "female", "OthersOnLoan": "none", "CurrentResidenceDuration": 2, "OwnsProperty": "car_other", "Age": 39, "InstallmentPlans": "none", "Housing": "own", "ExistingCreditsCount": 1, "Job": "skilled", "Dependents": 1, "Telephone": "none", "ForeignWorker": "yes", "Risk": "Risk"}, {"CheckingStatus": "0_to_200", "LoanDuration": 4, "CreditHistory": "all_credits_paid_back", "LoanPurpose": "car_new", "LoanAmount": 250, "ExistingSavings": "less_100", "EmploymentDuration": "1_to_4", "InstallmentPercent": 2, "Sex": "female", "OthersOnLoan": "none", "CurrentResidenceDuration": 1, "OwnsProperty": "real_estate", "Age": 29, "InstallmentPlans": "none", "Housing": "own", "ExistingCreditsCount": 1, "Job": "skilled", "Dependents": 1, "Telephone": "none", "ForeignWorker": "yes", "Risk": "No Risk"}, {"CheckingStatus": "less_0", "LoanDuration": 16, "CreditHistory": "prior_payments_delayed", "LoanPurpose": "car_new", "LoanAmount": 2056, "ExistingSavings": "less_100", "EmploymentDuration": "4_to_7", "InstallmentPercent": 2, "Sex": "male", "OthersOnLoan": "none", "CurrentResidenceDuration": 2, "OwnsProperty": "unknown", "Age": 34, "InstallmentPlans": "stores", "Housing": "own", "ExistingCreditsCount": 1, "Job": "skilled", "Dependents": 1, "Telephone": "none", "ForeignWorker": "yes", "Risk": "No Risk"}, {"CheckingStatus": "no_checking", "LoanDuration": 32, "CreditHistory": "prior_payments_delayed", "LoanPurpose": "car_used", "LoanAmount": 5145, "ExistingSavings": "500_to_1000", "EmploymentDuration": "4_to_7", "InstallmentPercent": 4, "Sex": "male", "OthersOnLoan": "none", "CurrentResidenceDuration": 4, "OwnsProperty": "savings_insurance", "Age": 40, "InstallmentPlans": "none", "Housing": "own", "ExistingCreditsCount": 1, "Job": "skilled", "Dependents": 1, "Telephone": "none", "ForeignWorker": "yes", "Risk": "No Risk"}, {"CheckingStatus": "greater_200", "LoanDuration": 24, "CreditHistory": "outstanding_credit", "LoanPurpose": "business", "LoanAmount": 8570, "ExistingSavings": "100_to_500", "EmploymentDuration": "4_to_7", "InstallmentPercent": 4, "Sex": "male", "OthersOnLoan": "none", "CurrentResidenceDuration": 4, "OwnsProperty": "unknown", "Age": 47, "InstallmentPlans": "none", "Housing": "own", "ExistingCreditsCount": 2, "Job": "skilled", "Dependents": 1, "Telephone": "yes", "ForeignWorker": "yes", "Risk": "Risk"}, {"CheckingStatus": "no_checking", "LoanDuration": 16, "CreditHistory": "all_credits_paid_back", "LoanPurpose": "vacation", "LoanAmount": 2928, "ExistingSavings": "less_100", "EmploymentDuration": "1_to_4", "InstallmentPercent": 2, "Sex": "female", "OthersOnLoan": "none", "CurrentResidenceDuration": 1, "OwnsProperty": "real_estate", "Age": 29, "InstallmentPlans": "none", "Housing": "own", "ExistingCreditsCount": 1, "Job": "management_self-employed", "Dependents": 1, "Telephone": "none", "ForeignWorker": "yes", "Risk": "No Risk"}, {"CheckingStatus": "less_0", "LoanDuration": 25, "CreditHistory": "credits_paid_to_date", "LoanPurpose": "car_new", "LoanAmount": 2049, "ExistingSavings": "less_100", "EmploymentDuration": "less_1", "InstallmentPercent": 2, "Sex": "male", "OthersOnLoan": "none", "CurrentResidenceDuration": 1, "OwnsProperty": "real_estate", "Age": 33, "InstallmentPlans": "none", "Housing": "own", "ExistingCreditsCount": 1, "Job": "skilled", "Dependents": 1, "Telephone": "none", "ForeignWorker": "yes", "Risk": "No Risk"}, {"CheckingStatus": "no_checking", "LoanDuration": 24, "CreditHistory": "prior_payments_delayed", "LoanPurpose": "car_used", "LoanAmount": 3838, "ExistingSavings": "500_to_1000", "EmploymentDuration": "1_to_4", "InstallmentPercent": 4, "Sex": "female", "OthersOnLoan": "none", "CurrentResidenceDuration": 3, "OwnsProperty": "savings_insurance", "Age": 41, "InstallmentPlans": "none", "Housing": "own", "ExistingCreditsCount": 2, "Job": "skilled", "Dependents": 1, "Telephone": "none", "ForeignWorker": "yes", "Risk": "No Risk"}, {"CheckingStatus": "0_to_200", "LoanDuration": 21, "CreditHistory": "all_credits_paid_back", "LoanPurpose": "car_new", "LoanAmount": 1653, "ExistingSavings": "100_to_500", "EmploymentDuration": "less_1", "InstallmentPercent": 1, "Sex": "female", "OthersOnLoan": "none", "CurrentResidenceDuration": 1, "OwnsProperty": "car_other", "Age": 33, "InstallmentPlans": "bank", "Housing": "rent", "ExistingCreditsCount": 1, "Job": "unemployed", "Dependents": 1, "Telephone": "none", "ForeignWorker": "yes", "Risk": "No Risk"}, {"CheckingStatus": "less_0", "LoanDuration": 7, "CreditHistory": "credits_paid_to_date", "LoanPurpose": "car_new", "LoanAmount": 250, "ExistingSavings": "less_100", "EmploymentDuration": "1_to_4", "InstallmentPercent": 1, "Sex": "female", "OthersOnLoan": "none", "CurrentResidenceDuration": 2, "OwnsProperty": "savings_insurance", "Age": 19, "InstallmentPlans": "stores", "Housing": "rent", "ExistingCreditsCount": 1, "Job": "skilled", "Dependents": 1, "Telephone": "none", "ForeignWorker": "yes", "Risk": "No Risk"}, {"CheckingStatus": "0_to_200", "LoanDuration": 20, "CreditHistory": "credits_paid_to_date", "LoanPurpose": "retraining", "LoanAmount": 2553, "ExistingSavings": "less_100", "EmploymentDuration": "1_to_4", "InstallmentPercent": 3, "Sex": "female", "OthersOnLoan": "none", "CurrentResidenceDuration": 3, "OwnsProperty": "savings_insurance", "Age": 27, "InstallmentPlans": "stores", "Housing": "rent", "ExistingCreditsCount": 1, "Job": "unskilled", "Dependents": 2, "Telephone": "none", "ForeignWorker": "yes", "Risk": "No Risk"}, {"CheckingStatus": "less_0", "LoanDuration": 39, "CreditHistory": "prior_payments_delayed", "LoanPurpose": "appliances", "LoanAmount": 820, "ExistingSavings": "100_to_500", "EmploymentDuration": "4_to_7", "InstallmentPercent": 2, "Sex": "male", "OthersOnLoan": "none", "CurrentResidenceDuration": 1, "OwnsProperty": "savings_insurance", "Age": 26, "InstallmentPlans": "stores", "Housing": "own", "ExistingCreditsCount": 1, "Job": "skilled", "Dependents": 1, "Telephone": "none", "ForeignWorker": "yes", "Risk": "No Risk"}, {"CheckingStatus": "0_to_200", "LoanDuration": 20, "CreditHistory": "credits_paid_to_date", "LoanPurpose": "retraining", "LoanAmount": 2810, "ExistingSavings": "less_100", "EmploymentDuration": "1_to_4", "InstallmentPercent": 2, "Sex": "female", "OthersOnLoan": "none", "CurrentResidenceDuration": 3, "OwnsProperty": "car_other", "Age": 38, "InstallmentPlans": "bank", "Housing": "rent", "ExistingCreditsCount": 2, "Job": "unemployed", "Dependents": 1, "Telephone": "yes", "ForeignWorker": "yes", "Risk": "No Risk"}, {"CheckingStatus": "greater_200", "LoanDuration": 4, "CreditHistory": "prior_payments_delayed", "LoanPurpose": "furniture", "LoanAmount": 3262, "ExistingSavings": "less_100", "EmploymentDuration": "1_to_4", "InstallmentPercent": 2, "Sex": "male", "OthersOnLoan": "none", "CurrentResidenceDuration": 3, "OwnsProperty": "savings_insurance", "Age": 31, "InstallmentPlans": "none", "Housing": "free", "ExistingCreditsCount": 1, "Job": "management_self-employed", "Dependents": 1, "Telephone": "yes", "ForeignWorker": "yes", "Risk": "No Risk"}, {"CheckingStatus": "less_0", "LoanDuration": 28, "CreditHistory": "outstanding_credit", "LoanPurpose": "business", "LoanAmount": 2891, "ExistingSavings": "100_to_500", "EmploymentDuration": "4_to_7", "InstallmentPercent": 4, "Sex": "male", "OthersOnLoan": "co-applicant", "CurrentResidenceDuration": 2, "OwnsProperty": "savings_insurance", "Age": 40, "InstallmentPlans": "none", "Housing": "own", "ExistingCreditsCount": 1, "Job": "skilled", "Dependents": 1, "Telephone": "yes", "ForeignWorker": "yes", "Risk": "Risk"}, {"CheckingStatus": "0_to_200", "LoanDuration": 28, "CreditHistory": "credits_paid_to_date", "LoanPurpose": "education", "LoanAmount": 1531, "ExistingSavings": "less_100", "EmploymentDuration": "4_to_7", "InstallmentPercent": 2, "Sex": "male", "OthersOnLoan": "none", "CurrentResidenceDuration": 2, "OwnsProperty": "car_other", "Age": 28, "InstallmentPlans": "stores", "Housing": "own", "ExistingCreditsCount": 1, "Job": "skilled", "Dependents": 1, "Telephone": "yes", "ForeignWorker": "yes", "Risk": "Risk"}, {"CheckingStatus": "no_checking", "LoanDuration": 41, "CreditHistory": "prior_payments_delayed", "LoanPurpose": "repairs", "LoanAmount": 7507, "ExistingSavings": "unknown", "EmploymentDuration": "4_to_7", "InstallmentPercent": 5, "Sex": "male", "OthersOnLoan": "co-applicant", "CurrentResidenceDuration": 5, "OwnsProperty": "car_other", "Age": 41, "InstallmentPlans": "none", "Housing": "own", "ExistingCreditsCount": 2, "Job": "skilled", "Dependents": 2, "Telephone": "none", "ForeignWorker": "yes", "Risk": "No Risk"}, {"CheckingStatus": "0_to_200", "LoanDuration": 4, "CreditHistory": "prior_payments_delayed", "LoanPurpose": "vacation", "LoanAmount": 250, "ExistingSavings": "500_to_1000", "EmploymentDuration": "4_to_7", "InstallmentPercent": 2, "Sex": "male", "OthersOnLoan": "none", "CurrentResidenceDuration": 3, "OwnsProperty": "savings_insurance", "Age": 27, "InstallmentPlans": "none", "Housing": "own", "ExistingCreditsCount": 1, "Job": "skilled", "Dependents": 1, "Telephone": "none", "ForeignWorker": "yes", "Risk": "No Risk"}]