[{"metrics": {"true_positive_rate": 0.8663522012578616, "area_under_roc": 0.990711282022907, "precision": 0.9565972222222222, "f1_measure": 0.9092409240924092, "accuracy": 0.945, "log_loss": 0.22099052348498696, "false_positive_rate": 0.13364779874213836, "area_under_pr": 0.9789962753443889, "recall": 0.8663522012578616}, "sources": {"id": "confusion_matrix_1", "type": "confusion_matrix", "data": {"labels": ["No Risk", "Risk"], "values": [[1339, 25], [85, 551]]}}}, {"metrics": {"true_positive_rate": 0.8734939759036144, "area_under_roc": 0.990682039535387, "precision": 0.9586776859504132, "f1_measure": 0.9141055949566588, "accuracy": 0.9455, "log_loss": 0.22209941071801415, "false_positive_rate": 0.12650602409638553, "area_under_pr": 0.9807207703545834, "recall": 0.8734939759036144}, "sources": {"id": "confusion_matrix_1", "type": "confusion_matrix", "data": {"labels": ["No Risk", "Risk"], "values": [[1311, 25], [84, 580]]}}}, {"metrics": {"true_positive_rate": 0.8850931677018633, "area_under_roc": 0.9920562395793253, "precision": 0.957983193277311, "f1_measure": 0.9200968523002422, "accuracy": 0.9505, "log_loss": 0.21908321732371433, "false_positive_rate": 0.11490683229813664, "area_under_pr": 0.9822187788867192, "recall": 0.8850931677018633}, "sources": {"id": "confusion_matrix_1", "type": "confusion_matrix", "data": {"labels": ["No Risk", "Risk"], "values": [[1331, 25], [74, 570]]}}}, {"metrics": {"true_positive_rate": 0.8687022900763359, "area_under_roc": 0.9909980419421665, "precision": 0.9563025210084034, "f1_measure": 0.9104000000000001, "accuracy": 0.944, "log_loss": 0.22112839308702678, "false_positive_rate": 0.13129770992366413, "area_under_pr": 0.981047774369407, "recall": 0.8687022900763359}, "sources": {"id": "confusion_matrix_1", "type": "confusion_matrix", "data": {"labels": ["No Risk", "Risk"], "values": [[1319, 26], [86, 569]]}}}, {"metrics": {"true_positive_rate": 0.8632872503840245, "area_under_roc": 0.990442940609133, "precision": 0.9590443686006825, "f1_measure": 0.9086499595796281, "accuracy": 0.9435, "log_loss": 0.22528043979101134, "false_positive_rate": 0.13671274961597543, "area_under_pr": 0.9800240803400498, "recall": 0.8632872503840245}, "sources": {"id": "confusion_matrix_1", "type": "confusion_matrix", "data": {"labels": ["No Risk", "Risk"], "values": [[1325, 24], [89, 562]]}}}, {"metrics": {"true_positive_rate": 0.8726415094339622, "area_under_roc": 0.9926374979250816, "precision": 0.9635416666666666, "f1_measure": 0.9158415841584159, "accuracy": 0.949, "log_loss": 0.21456382295007234, "false_positive_rate": 0.12735849056603774, "area_under_pr": 0.9840816797657475, "recall": 0.8726415094339622}, "sources": {"id": "confusion_matrix_1", "type": "confusion_matrix", "data": {"labels": ["No Risk", "Risk"], "values": [[1343, 21], [81, 555]]}}}, {"metrics": {"true_positive_rate": 0.8677811550151976, "area_under_roc": 0.9904403670971511, "precision": 0.9580536912751678, "f1_measure": 0.9106858054226477, "accuracy": 0.944, "log_loss": 0.22430022119725493, "false_positive_rate": 0.13221884498480244, "area_under_pr": 0.979694683090238, "recall": 0.8677811550151976}, "sources": {"id": "confusion_matrix_1", "type": "confusion_matrix", "data": {"labels": ["No Risk", "Risk"], "values": [[1317, 25], [87, 571]]}}}, {"metrics": {"true_positive_rate": 0.8634294385432474, "area_under_roc": 0.9899645701857717, "precision": 0.9546979865771812, "f1_measure": 0.9067729083665338, "accuracy": 0.9415, "log_loss": 0.22963296727012814, "false_positive_rate": 0.13657056145675264, "area_under_pr": 0.9791583476574439, "recall": 0.8634294385432474}, "sources": {"id": "confusion_matrix_1", "type": "confusion_matrix", "data": {"labels": ["No Risk", "Risk"], "values": [[1314, 27], [90, 569]]}}}, {"metrics": {"true_positive_rate": 0.8841463414634146, "area_under_roc": 0.9907907093858885, "precision": 0.9523809523809523, "f1_measure": 0.9169960474308301, "accuracy": 0.9475, "log_loss": 0.2212874630724806, "false_positive_rate": 0.11585365853658537, "area_under_pr": 0.9806221939551356, "recall": 0.8841463414634146}, "sources": {"id": "confusion_matrix_1", "type": "confusion_matrix", "data": {"labels": ["No Risk", "Risk"], "values": [[1315, 29], [76, 580]]}}}, {"metrics": {"true_positive_rate": 0.8673469387755102, "area_under_roc": 0.9914433483765326, "precision": 0.9643435980551054, "f1_measure": 0.9132770529547198, "accuracy": 0.9435, "log_loss": 0.2218973905640724, "false_positive_rate": 0.1326530612244898, "area_under_pr": 0.9832774289600044, "recall": 0.8673469387755102}, "sources": {"id": "confusion_matrix_1", "type": "confusion_matrix", "data": {"labels": ["No Risk", "Risk"], "values": [[1292, 22], [91, 595]]}}}, {"metrics": {"true_positive_rate": 0.8663522012578616, "area_under_roc": 0.9907049419945038, "precision": 0.95, "f1_measure": 0.9062499999999999, "accuracy": 0.943, "log_loss": 0.22244963965283773, "false_positive_rate": 0.13364779874213836, "area_under_pr": 0.9797743294942779, "recall": 0.8663522012578616}, "sources": {"id": "confusion_matrix_1", "type": "confusion_matrix", "data": {"labels": ["No Risk", "Risk"], "values": [[1335, 29], [85, 551]]}}}, {"metrics": {"true_positive_rate": 0.8807749627421758, "area_under_roc": 0.9925080655199443, "precision": 0.9656862745098039, "f1_measure": 0.921278254091972, "accuracy": 0.9495, "log_loss": 0.2204517837278687, "false_positive_rate": 0.11922503725782414, "area_under_pr": 0.9848175651704983, "recall": 0.8807749627421758}, "sources": {"id": "confusion_matrix_1", "type": "confusion_matrix", "data": {"labels": ["No Risk", "Risk"], "values": [[1308, 21], [80, 591]]}}}, {"metrics": {"true_positive_rate": 0.8522388059701492, "area_under_roc": 0.989838401975087, "precision": 0.9596638655462185, "f1_measure": 0.9027667984189722, "accuracy": 0.9385, "log_loss": 0.22983367104284305, "false_positive_rate": 0.14776119402985075, "area_under_pr": 0.9789017536234421, "recall": 0.8522388059701492}, "sources": {"id": "confusion_matrix_1", "type": "confusion_matrix", "data": {"labels": ["No Risk", "Risk"], "values": [[1306, 24], [99, 571]]}}}, {"metrics": {"true_positive_rate": 0.8732824427480916, "area_under_roc": 0.9912687647209057, "precision": 0.9581239530988275, "f1_measure": 0.9137380191693291, "accuracy": 0.946, "log_loss": 0.22165218156044142, "false_positive_rate": 0.1267175572519084, "area_under_pr": 0.981506397598015, "recall": 0.8732824427480916}, "sources": {"id": "confusion_matrix_1", "type": "confusion_matrix", "data": {"labels": ["No Risk", "Risk"], "values": [[1320, 25], [83, 572]]}}}, {"metrics": {"true_positive_rate": 0.859594383775351, "area_under_roc": 0.9897419296330352, "precision": 0.9565972222222222, "f1_measure": 0.905505341002465, "accuracy": 0.9425, "log_loss": 0.2279218889177963, "false_positive_rate": 0.14040561622464898, "area_under_pr": 0.9785388674532653, "recall": 0.859594383775351}, "sources": {"id": "confusion_matrix_1", "type": "confusion_matrix", "data": {"labels": ["No Risk", "Risk"], "values": [[1334, 25], [90, 551]]}}}, {"metrics": {"true_positive_rate": 0.8765432098765432, "area_under_roc": 0.9927017130542771, "precision": 0.9643463497453311, "f1_measure": 0.9183508488278092, "accuracy": 0.9495, "log_loss": 0.21900287499409832, "false_positive_rate": 0.12345679012345678, "area_under_pr": 0.985263396926482, "recall": 0.8765432098765432}, "sources": {"id": "confusion_matrix_1", "type": "confusion_matrix", "data": {"labels": ["No Risk", "Risk"], "values": [[1331, 21], [80, 568]]}}}, {"metrics": {"true_positive_rate": 0.8690476190476191, "area_under_roc": 0.9928424636044177, "precision": 0.9700996677740864, "f1_measure": 0.9167974882260597, "accuracy": 0.947, "log_loss": 0.21978348919745097, "false_positive_rate": 0.13095238095238096, "area_under_pr": 0.9855596216115834, "recall": 0.8690476190476191}, "sources": {"id": "confusion_matrix_1", "type": "confusion_matrix", "data": {"labels": ["No Risk", "Risk"], "values": [[1310, 18], [88, 584]]}}}, {"metrics": {"true_positive_rate": 0.8777089783281734, "area_under_roc": 0.9907029281431923, "precision": 0.9545454545454546, "f1_measure": 0.9145161290322582, "accuracy": 0.947, "log_loss": 0.223883133813779, "false_positive_rate": 0.12229102167182662, "area_under_pr": 0.9796003337382917, "recall": 0.8777089783281734}, "sources": {"id": "confusion_matrix_1", "type": "confusion_matrix", "data": {"labels": ["No Risk", "Risk"], "values": [[1327, 27], [79, 567]]}}}, {"metrics": {"true_positive_rate": 0.882800608828006, "area_under_roc": 0.9922156828745023, "precision": 0.9586776859504132, "f1_measure": 0.919175911251981, "accuracy": 0.949, "log_loss": 0.2190674970532029, "false_positive_rate": 0.1171993911719939, "area_under_pr": 0.9840079689718733, "recall": 0.882800608828006}, "sources": {"id": "confusion_matrix_1", "type": "confusion_matrix", "data": {"labels": ["No Risk", "Risk"], "values": [[1318, 25], [77, 580]]}}}, {"metrics": {"true_positive_rate": 0.8734375, "area_under_roc": 0.9911402803308824, "precision": 0.9588336192109777, "f1_measure": 0.9141455437448897, "accuracy": 0.9475, "log_loss": 0.22020785225936781, "false_positive_rate": 0.1265625, "area_under_pr": 0.9816741645808145, "recall": 0.8734375}, "sources": {"id": "confusion_matrix_1", "type": "confusion_matrix", "data": {"labels": ["No Risk", "Risk"], "values": [[1336, 24], [81, 559]]}}}, {"metrics": {"true_positive_rate": 0.8759571209800919, "area_under_roc": 0.9921736352463816, "precision": 0.9662162162162162, "f1_measure": 0.9188755020080323, "accuracy": 0.9495, "log_loss": 0.2197502010912826, "false_positive_rate": 0.12404287901990811, "area_under_pr": 0.9837094658589611, "recall": 0.8759571209800919}, "sources": {"id": "confusion_matrix_1", "type": "confusion_matrix", "data": {"labels": ["No Risk", "Risk"], "values": [[1327, 20], [81, 572]]}}}, {"metrics": {"true_positive_rate": 0.8852201257861635, "area_under_roc": 0.9929596866412144, "precision": 0.9607508532423208, "f1_measure": 0.9214402618657936, "accuracy": 0.952, "log_loss": 0.2148758585863112, "false_positive_rate": 0.11477987421383648, "area_under_pr": 0.9844734908685454, "recall": 0.8852201257861635}, "sources": {"id": "confusion_matrix_1", "type": "confusion_matrix", "data": {"labels": ["No Risk", "Risk"], "values": [[1341, 23], [73, 563]]}}}, {"metrics": {"true_positive_rate": 0.859375, "area_under_roc": 0.9905037913602942, "precision": 0.9548611111111112, "f1_measure": 0.9046052631578948, "accuracy": 0.942, "log_loss": 0.22400996993825922, "false_positive_rate": 0.140625, "area_under_pr": 0.9787674171062313, "recall": 0.859375}, "sources": {"id": "confusion_matrix_1", "type": "confusion_matrix", "data": {"labels": ["No Risk", "Risk"], "values": [[1334, 26], [90, 550]]}}}, {"metrics": {"true_positive_rate": 0.8770370370370371, "area_under_roc": 0.9920659678546471, "precision": 0.965742251223491, "f1_measure": 0.9192546583850931, "accuracy": 0.948, "log_loss": 0.2245110406648527, "false_positive_rate": 0.12296296296296297, "area_under_pr": 0.9841837994071633, "recall": 0.8770370370370371}, "sources": {"id": "confusion_matrix_1", "type": "confusion_matrix", "data": {"labels": ["No Risk", "Risk"], "values": [[1304, 21], [83, 592]]}}}, {"metrics": {"true_positive_rate": 0.8650793650793651, "area_under_roc": 0.9931489813773279, "precision": 0.9697508896797153, "f1_measure": 0.9144295302013423, "accuracy": 0.9463157894736842, "log_loss": 0.21773747365219315, "false_positive_rate": 0.1349206349206349, "area_under_pr": 0.9851125576037327, "recall": 0.8650793650793651}, "sources": {"id": "confusion_matrix_1", "type": "confusion_matrix", "data": {"labels": ["No Risk", "Risk"], "values": [[1253, 17], [85, 545]]}}}, {"metrics": {"true_positive_rate": 0.8526645768025078, "area_under_roc": 0.9925325030180487, "precision": 0.9731663685152058, "f1_measure": 0.908939014202172, "accuracy": 0.9426315789473684, "log_loss": 0.2256806697160301, "false_positive_rate": 0.14733542319749215, "area_under_pr": 0.9856608590071262, "recall": 0.8526645768025078}, "sources": {"id": "confusion_matrix_1", "type": "confusion_matrix", "data": {"labels": ["No Risk", "Risk"], "values": [[1247, 15], [94, 544]]}}}, {"metrics": {"true_positive_rate": 0.8590604026845637, "area_under_roc": 0.9911713313706921, "precision": 0.9606003752345216, "f1_measure": 0.9069973427812222, "accuracy": 0.9447368421052632, "log_loss": 0.2253564765198353, "false_positive_rate": 0.14093959731543623, "area_under_pr": 0.9807189495408117, "recall": 0.8590604026845637}, "sources": {"id": "confusion_matrix_1", "type": "confusion_matrix", "data": {"labels": ["No Risk", "Risk"], "values": [[1283, 21], [84, 512]]}}}, {"metrics": {"true_positive_rate": 0.863275039745628, "area_under_roc": 0.9905886355648008, "precision": 0.9593639575971732, "f1_measure": 0.9087866108786611, "accuracy": 0.9426315789473684, "log_loss": 0.22411416098508252, "false_positive_rate": 0.13672496025437203, "area_under_pr": 0.9805880955834625, "recall": 0.863275039745628}, "sources": {"id": "confusion_matrix_1", "type": "confusion_matrix", "data": {"labels": ["No Risk", "Risk"], "values": [[1248, 23], [86, 543]]}}}, {"metrics": {"true_positive_rate": 0.890282131661442, "area_under_roc": 0.9929839683241509, "precision": 0.9643463497453311, "f1_measure": 0.9258353708231459, "accuracy": 0.9521052631578948, "log_loss": 0.21733365190125256, "false_positive_rate": 0.109717868338558, "area_under_pr": 0.9853209518453554, "recall": 0.890282131661442}, "sources": {"id": "confusion_matrix_1", "type": "confusion_matrix", "data": {"labels": ["No Risk", "Risk"], "values": [[1241, 21], [70, 568]]}}}, {"metrics": {"true_positive_rate": 0.8533123028391167, "area_under_roc": 0.9909274846631881, "precision": 0.964349376114082, "f1_measure": 0.905439330543933, "accuracy": 0.9405263157894737, "log_loss": 0.22683612313377452, "false_positive_rate": 0.14668769716088328, "area_under_pr": 0.9818952778683927, "recall": 0.8533123028391167}, "sources": {"id": "confusion_matrix_1", "type": "confusion_matrix", "data": {"labels": ["No Risk", "Risk"], "values": [[1246, 20], [93, 541]]}}}, {"metrics": {"true_positive_rate": 0.8634920634920635, "area_under_roc": 0.9908486439195101, "precision": 0.9577464788732394, "f1_measure": 0.9081803005008348, "accuracy": 0.9421052631578948, "log_loss": 0.222224993324075, "false_positive_rate": 0.1365079365079365, "area_under_pr": 0.9804500385576651, "recall": 0.8634920634920635}, "sources": {"id": "confusion_matrix_1", "type": "confusion_matrix", "data": {"labels": ["No Risk", "Risk"], "values": [[1246, 24], [86, 544]]}}}, {"metrics": {"true_positive_rate": 0.8575899843505478, "area_under_roc": 0.9920015289552098, "precision": 0.9664902998236331, "f1_measure": 0.9087893864013267, "accuracy": 0.9421052631578948, "log_loss": 0.22259917813973257, "false_positive_rate": 0.14241001564945227, "area_under_pr": 0.9840694505792065, "recall": 0.8575899843505478}, "sources": {"id": "confusion_matrix_1", "type": "confusion_matrix", "data": {"labels": ["No Risk", "Risk"], "values": [[1242, 19], [91, 548]]}}}, {"metrics": {"true_positive_rate": 0.8650793650793651, "area_under_roc": 0.9930546181727284, "precision": 0.9714795008912656, "f1_measure": 0.9151973131821999, "accuracy": 0.9468421052631579, "log_loss": 0.22311833097375836, "false_positive_rate": 0.1349206349206349, "area_under_pr": 0.9861866340684544, "recall": 0.8650793650793651}, "sources": {"id": "confusion_matrix_1", "type": "confusion_matrix", "data": {"labels": ["No Risk", "Risk"], "values": [[1254, 16], [85, 545]]}}}, {"metrics": {"true_positive_rate": 0.856687898089172, "area_under_roc": 0.9897604704963345, "precision": 0.9607142857142857, "f1_measure": 0.9057239057239058, "accuracy": 0.9410526315789474, "log_loss": 0.22674491776756625, "false_positive_rate": 0.14331210191082802, "area_under_pr": 0.9786331121002018, "recall": 0.856687898089172}, "sources": {"id": "confusion_matrix_1", "type": "confusion_matrix", "data": {"labels": ["No Risk", "Risk"], "values": [[1250, 22], [90, 538]]}}}, {"metrics": {"true_positive_rate": 0.8758169934640523, "area_under_roc": 0.9909978484147282, "precision": 0.9571428571428572, "f1_measure": 0.9146757679180887, "accuracy": 0.9473684210526315, "log_loss": 0.21866042656181758, "false_positive_rate": 0.12418300653594772, "area_under_pr": 0.9800900078107664, "recall": 0.8758169934640523}, "sources": {"id": "confusion_matrix_1", "type": "confusion_matrix", "data": {"labels": ["No Risk", "Risk"], "values": [[1264, 24], [76, 536]]}}}, {"metrics": {"true_positive_rate": 0.8675078864353313, "area_under_roc": 0.9908240764274073, "precision": 0.9581881533101045, "f1_measure": 0.9105960264900662, "accuracy": 0.9431578947368421, "log_loss": 0.22494431395102868, "false_positive_rate": 0.13249211356466878, "area_under_pr": 0.9816617039931499, "recall": 0.8675078864353313}, "sources": {"id": "confusion_matrix_1", "type": "confusion_matrix", "data": {"labels": ["No Risk", "Risk"], "values": [[1242, 24], [84, 550]]}}}, {"metrics": {"true_positive_rate": 0.8763693270735524, "area_under_roc": 0.9914560940406737, "precision": 0.9556313993174061, "f1_measure": 0.9142857142857143, "accuracy": 0.9447368421052632, "log_loss": 0.22289707296722142, "false_positive_rate": 0.12363067292644757, "area_under_pr": 0.9821849569302359, "recall": 0.8763693270735524}, "sources": {"id": "confusion_matrix_1", "type": "confusion_matrix", "data": {"labels": ["No Risk", "Risk"], "values": [[1235, 26], [79, 560]]}}}, {"metrics": {"true_positive_rate": 0.864, "area_under_roc": 0.9923789803921568, "precision": 0.9712230215827338, "f1_measure": 0.9144792548687553, "accuracy": 0.9468421052631579, "log_loss": 0.222637673225171, "false_positive_rate": 0.136, "area_under_pr": 0.9848435869046064, "recall": 0.864}, "sources": {"id": "confusion_matrix_1", "type": "confusion_matrix", "data": {"labels": ["No Risk", "Risk"], "values": [[1259, 16], [85, 540]]}}}, {"metrics": {"true_positive_rate": 0.8665568369028006, "area_under_roc": 0.990974720042403, "precision": 0.9563636363636364, "f1_measure": 0.909248055315471, "accuracy": 0.9447368421052632, "log_loss": 0.22396473463763877, "false_positive_rate": 0.13344316309719934, "area_under_pr": 0.9812082141749786, "recall": 0.8665568369028006}, "sources": {"id": "confusion_matrix_1", "type": "confusion_matrix", "data": {"labels": ["No Risk", "Risk"], "values": [[1269, 24], [81, 526]]}}}, {"metrics": {"true_positive_rate": 0.880064829821718, "area_under_roc": 0.9922752463015295, "precision": 0.9661921708185054, "f1_measure": 0.921119592875318, "accuracy": 0.9510526315789474, "log_loss": 0.2205413568838301, "false_positive_rate": 0.11993517017828201, "area_under_pr": 0.984248878590647, "recall": 0.880064829821718}, "sources": {"id": "confusion_matrix_1", "type": "confusion_matrix", "data": {"labels": ["No Risk", "Risk"], "values": [[1264, 19], [74, 543]]}}}, {"metrics": {"true_positive_rate": 0.875605815831987, "area_under_roc": 0.9918259790475686, "precision": 0.9609929078014184, "f1_measure": 0.9163144547759932, "accuracy": 0.9478947368421052, "log_loss": 0.22342933439962112, "false_positive_rate": 0.12439418416801293, "area_under_pr": 0.9824385782379724, "recall": 0.875605815831987}, "sources": {"id": "confusion_matrix_1", "type": "confusion_matrix", "data": {"labels": ["No Risk", "Risk"], "values": [[1259, 22], [77, 542]]}}}, {"metrics": {"true_positive_rate": 0.8534201954397395, "area_under_roc": 0.9902926023677692, "precision": 0.9562043795620438, "f1_measure": 0.901893287435456, "accuracy": 0.94, "log_loss": 0.22662459794879003, "false_positive_rate": 0.1465798045602606, "area_under_pr": 0.9792114355088102, "recall": 0.8534201954397395}, "sources": {"id": "confusion_matrix_1", "type": "confusion_matrix", "data": {"labels": ["No Risk", "Risk"], "values": [[1262, 24], [90, 524]]}}}, {"metrics": {"true_positive_rate": 0.8806451612903226, "area_under_roc": 0.9930160030241936, "precision": 0.9595782073813708, "f1_measure": 0.9184188393608075, "accuracy": 0.9489473684210527, "log_loss": 0.21745300857901478, "false_positive_rate": 0.11935483870967742, "area_under_pr": 0.9857741373822669, "recall": 0.8806451612903226}, "sources": {"id": "confusion_matrix_1", "type": "confusion_matrix", "data": {"labels": ["No Risk", "Risk"], "values": [[1257, 23], [74, 546]]}}}, {"metrics": {"true_positive_rate": 0.8890675241157556, "area_under_roc": 0.99217653185997, "precision": 0.9634146341463414, "f1_measure": 0.9247491638795987, "accuracy": 0.9526315789473684, "log_loss": 0.22183083962422984, "false_positive_rate": 0.11093247588424437, "area_under_pr": 0.9838084391630472, "recall": 0.8890675241157556}, "sources": {"id": "confusion_matrix_1", "type": "confusion_matrix", "data": {"labels": ["No Risk", "Risk"], "values": [[1257, 21], [69, 553]]}}}, {"metrics": {"true_positive_rate": 0.8617886178861789, "area_under_roc": 0.9915447154471545, "precision": 0.9636363636363636, "f1_measure": 0.9098712446351931, "accuracy": 0.9447368421052632, "log_loss": 0.22475675861514074, "false_positive_rate": 0.13821138211382114, "area_under_pr": 0.9822272156736647, "recall": 0.8617886178861789}, "sources": {"id": "confusion_matrix_1", "type": "confusion_matrix", "data": {"labels": ["No Risk", "Risk"], "values": [[1265, 20], [85, 530]]}}}, {"metrics": {"true_positive_rate": 0.8775834658187599, "area_under_roc": 0.992276652085973, "precision": 0.9633507853403142, "f1_measure": 0.9184692179700499, "accuracy": 0.9484210526315789, "log_loss": 0.2219770892399591, "false_positive_rate": 0.12241653418124006, "area_under_pr": 0.9850487994056207, "recall": 0.8775834658187599}, "sources": {"id": "confusion_matrix_1", "type": "confusion_matrix", "data": {"labels": ["No Risk", "Risk"], "values": [[1250, 21], [77, 552]]}}}, {"metrics": {"true_positive_rate": 0.865506329113924, "area_under_roc": 0.9912718873537515, "precision": 0.9664310954063604, "f1_measure": 0.9131886477462436, "accuracy": 0.9452631578947368, "log_loss": 0.22373891949488997, "false_positive_rate": 0.13449367088607594, "area_under_pr": 0.9823120967071681, "recall": 0.865506329113924}, "sources": {"id": "confusion_matrix_1", "type": "confusion_matrix", "data": {"labels": ["No Risk", "Risk"], "values": [[1249, 19], [85, 547]]}}}, {"metrics": {"true_positive_rate": 0.87, "area_under_roc": 0.9916666666666666, "precision": 0.9613259668508287, "f1_measure": 0.9133858267716535, "accuracy": 0.9478947368421052, "log_loss": 0.22229807712945335, "false_positive_rate": 0.13, "area_under_pr": 0.9818359833874357, "recall": 0.87}, "sources": {"id": "confusion_matrix_1", "type": "confusion_matrix", "data": {"labels": ["No Risk", "Risk"], "values": [[1279, 21], [78, 522]]}}}, {"metrics": {"true_positive_rate": 0.87893864013267, "area_under_roc": 0.992208270815236, "precision": 0.9653916211293261, "f1_measure": 0.9201388888888888, "accuracy": 0.9488888888888889, "log_loss": 0.2202326153465178, "false_positive_rate": 0.12106135986733002, "area_under_pr": 0.984031605093677, "recall": 0.87893864013267}, "sources": {"id": "confusion_matrix_1", "type": "confusion_matrix", "data": {"labels": ["No Risk", "Risk"], "values": [[1178, 19], [73, 530]]}}}, {"metrics": {"true_positive_rate": 0.8723404255319149, "area_under_roc": 0.9922041793362232, "precision": 0.9690909090909091, "f1_measure": 0.9181739879414298, "accuracy": 0.9472222222222222, "log_loss": 0.22723722908499408, "false_positive_rate": 0.1276595744680851, "area_under_pr": 0.9846689243746453, "recall": 0.8723404255319149}, "sources": {"id": "confusion_matrix_1", "type": "confusion_matrix", "data": {"labels": ["No Risk", "Risk"], "values": [[1172, 17], [78, 533]]}}}, {"metrics": {"true_positive_rate": 0.8786324786324786, "area_under_roc": 0.9924132109317295, "precision": 0.9589552238805971, "f1_measure": 0.9170383586083853, "accuracy": 0.9483333333333334, "log_loss": 0.22048483513383318, "false_positive_rate": 0.12136752136752137, "area_under_pr": 0.984326805986127, "recall": 0.8786324786324786}, "sources": {"id": "confusion_matrix_1", "type": "confusion_matrix", "data": {"labels": ["No Risk", "Risk"], "values": [[1193, 22], [71, 514]]}}}, {"metrics": {"true_positive_rate": 0.8852459016393442, "area_under_roc": 0.9918322082931534, "precision": 0.9625668449197861, "f1_measure": 0.9222886421861657, "accuracy": 0.9494444444444444, "log_loss": 0.21950191725336254, "false_positive_rate": 0.11475409836065574, "area_under_pr": 0.9839766705242952, "recall": 0.8852459016393442}, "sources": {"id": "confusion_matrix_1", "type": "confusion_matrix", "data": {"labels": ["No Risk", "Risk"], "values": [[1169, 21], [70, 540]]}}}, {"metrics": {"true_positive_rate": 0.8641765704584041, "area_under_roc": 0.9885675871573396, "precision": 0.9460966542750929, "f1_measure": 0.9032830523513753, "accuracy": 0.9394444444444444, "log_loss": 0.2312393774812339, "false_positive_rate": 0.13582342954159593, "area_under_pr": 0.9756128806307905, "recall": 0.8641765704584041}, "sources": {"id": "confusion_matrix_1", "type": "confusion_matrix", "data": {"labels": ["No Risk", "Risk"], "values": [[1182, 29], [80, 509]]}}}, {"metrics": {"true_positive_rate": 0.8645833333333334, "area_under_roc": 0.9904442969317356, "precision": 0.9521988527724665, "f1_measure": 0.9062784349408552, "accuracy": 0.9427777777777778, "log_loss": 0.2255236528127492, "false_positive_rate": 0.13541666666666666, "area_under_pr": 0.9794881575167926, "recall": 0.8645833333333334}, "sources": {"id": "confusion_matrix_1", "type": "confusion_matrix", "data": {"labels": ["No Risk", "Risk"], "values": [[1199, 25], [78, 498]]}}}, {"metrics": {"true_positive_rate": 0.880672268907563, "area_under_roc": 0.991319781024443, "precision": 0.9597069597069597, "f1_measure": 0.9184925503943908, "accuracy": 0.9483333333333334, "log_loss": 0.22154352962868448, "false_positive_rate": 0.11932773109243698, "area_under_pr": 0.9815305566224237, "recall": 0.880672268907563}, "sources": {"id": "confusion_matrix_1", "type": "confusion_matrix", "data": {"labels": ["No Risk", "Risk"], "values": [[1183, 22], [71, 524]]}}}, {"metrics": {"true_positive_rate": 0.8753993610223643, "area_under_roc": 0.9932013378254079, "precision": 0.9699115044247788, "f1_measure": 0.9202350965575148, "accuracy": 0.9472222222222222, "log_loss": 0.22018756522566765, "false_positive_rate": 0.12460063897763578, "area_under_pr": 0.9867287630109216, "recall": 0.8753993610223643}, "sources": {"id": "confusion_matrix_1", "type": "confusion_matrix", "data": {"labels": ["No Risk", "Risk"], "values": [[1157, 17], [78, 548]]}}}, {"metrics": {"true_positive_rate": 0.8628099173553719, "area_under_roc": 0.9905653722466198, "precision": 0.9613259668508287, "f1_measure": 0.9094076655052264, "accuracy": 0.9422222222222222, "log_loss": 0.2241332768980886, "false_positive_rate": 0.1371900826446281, "area_under_pr": 0.9805029716618812, "recall": 0.8628099173553719}, "sources": {"id": "confusion_matrix_1", "type": "confusion_matrix", "data": {"labels": ["No Risk", "Risk"], "values": [[1174, 21], [83, 522]]}}}, {"metrics": {"true_positive_rate": 0.8791946308724832, "area_under_roc": 0.9911863976900265, "precision": 0.9579524680073126, "f1_measure": 0.9168853893263341, "accuracy": 0.9472222222222222, "log_loss": 0.22344780800337743, "false_positive_rate": 0.12080536912751678, "area_under_pr": 0.9810830153065929, "recall": 0.8791946308724832}, "sources": {"id": "confusion_matrix_1", "type": "confusion_matrix", "data": {"labels": ["No Risk", "Risk"], "values": [[1181, 23], [72, 524]]}}}, {"metrics": {"true_positive_rate": 0.8819444444444444, "area_under_roc": 0.9923328851216412, "precision": 0.9566854990583804, "f1_measure": 0.9177958446251129, "accuracy": 0.9494444444444444, "log_loss": 0.21558392369602838, "false_positive_rate": 0.11805555555555555, "area_under_pr": 0.9836705525248711, "recall": 0.8819444444444444}, "sources": {"id": "confusion_matrix_1", "type": "confusion_matrix", "data": {"labels": ["No Risk", "Risk"], "values": [[1201, 23], [68, 508]]}}}, {"metrics": {"true_positive_rate": 0.855917667238422, "area_under_roc": 0.9912185998525744, "precision": 0.9596153846153846, "f1_measure": 0.9048050770625566, "accuracy": 0.9416666666666667, "log_loss": 0.22508200845861517, "false_positive_rate": 0.14408233276157806, "area_under_pr": 0.9812222012629427, "recall": 0.855917667238422}, "sources": {"id": "confusion_matrix_1", "type": "confusion_matrix", "data": {"labels": ["No Risk", "Risk"], "values": [[1196, 21], [84, 499]]}}}, {"metrics": {"true_positive_rate": 0.8698630136986302, "area_under_roc": 0.9908300288392213, "precision": 0.9566854990583804, "f1_measure": 0.9112107623318386, "accuracy": 0.945, "log_loss": 0.22581153751833166, "false_positive_rate": 0.13013698630136986, "area_under_pr": 0.9801909501733161, "recall": 0.8698630136986302}, "sources": {"id": "confusion_matrix_1", "type": "confusion_matrix", "data": {"labels": ["No Risk", "Risk"], "values": [[1193, 23], [76, 508]]}}}, {"metrics": {"true_positive_rate": 0.8714285714285714, "area_under_roc": 0.9914502781169447, "precision": 0.9648506151142355, "f1_measure": 0.9157631359466222, "accuracy": 0.9438888888888889, "log_loss": 0.2253661566861197, "false_positive_rate": 0.12857142857142856, "area_under_pr": 0.9835749302864013, "recall": 0.8714285714285714}, "sources": {"id": "confusion_matrix_1", "type": "confusion_matrix", "data": {"labels": ["No Risk", "Risk"], "values": [[1150, 20], [81, 549]]}}}, {"metrics": {"true_positive_rate": 0.8657487091222031, "area_under_roc": 0.9903274177219836, "precision": 0.9526515151515151, "f1_measure": 0.9071235347159604, "accuracy": 0.9427777777777778, "log_loss": 0.22451939889291003, "false_positive_rate": 0.1342512908777969, "area_under_pr": 0.9787181398328367, "recall": 0.8657487091222031}, "sources": {"id": "confusion_matrix_1", "type": "confusion_matrix", "data": {"labels": ["No Risk", "Risk"], "values": [[1194, 25], [78, 503]]}}}, {"metrics": {"true_positive_rate": 0.8881578947368421, "area_under_roc": 0.9929263897474391, "precision": 0.9660107334525939, "f1_measure": 0.9254498714652956, "accuracy": 0.9516666666666667, "log_loss": 0.21580859320811005, "false_positive_rate": 0.1118421052631579, "area_under_pr": 0.9851205016289554, "recall": 0.8881578947368421}, "sources": {"id": "confusion_matrix_1", "type": "confusion_matrix", "data": {"labels": ["No Risk", "Risk"], "values": [[1173, 19], [68, 540]]}}}, {"metrics": {"true_positive_rate": 0.866231647634584, "area_under_roc": 0.9906910233346297, "precision": 0.9637023593466425, "f1_measure": 0.9123711340206186, "accuracy": 0.9433333333333334, "log_loss": 0.22380251778521604, "false_positive_rate": 0.13376835236541598, "area_under_pr": 0.9805708020128967, "recall": 0.866231647634584}, "sources": {"id": "confusion_matrix_1", "type": "confusion_matrix", "data": {"labels": ["No Risk", "Risk"], "values": [[1167, 20], [82, 531]]}}}, {"metrics": {"true_positive_rate": 0.8787375415282392, "area_under_roc": 0.9917934930310206, "precision": 0.9670932358318098, "f1_measure": 0.9208006962576153, "accuracy": 0.9494444444444444, "log_loss": 0.21875926571933968, "false_positive_rate": 0.1212624584717608, "area_under_pr": 0.9833808988724233, "recall": 0.8787375415282392}, "sources": {"id": "confusion_matrix_1", "type": "confusion_matrix", "data": {"labels": ["No Risk", "Risk"], "values": [[1180, 18], [73, 529]]}}}, {"metrics": {"true_positive_rate": 0.8694915254237288, "area_under_roc": 0.9922545174394173, "precision": 0.9679245283018868, "f1_measure": 0.9160714285714285, "accuracy": 0.9477777777777778, "log_loss": 0.21751536975136956, "false_positive_rate": 0.13050847457627118, "area_under_pr": 0.9835111114956709, "recall": 0.8694915254237288}, "sources": {"id": "confusion_matrix_1", "type": "confusion_matrix", "data": {"labels": ["No Risk", "Risk"], "values": [[1193, 17], [77, 513]]}}}, {"metrics": {"true_positive_rate": 0.8609271523178808, "area_under_roc": 0.9901001406454184, "precision": 0.9576427255985267, "f1_measure": 0.9067131647776809, "accuracy": 0.9405555555555556, "log_loss": 0.22536929493767927, "false_positive_rate": 0.1390728476821192, "area_under_pr": 0.980004679959962, "recall": 0.8609271523178808}, "sources": {"id": "confusion_matrix_1", "type": "confusion_matrix", "data": {"labels": ["No Risk", "Risk"], "values": [[1173, 23], [84, 520]]}}}, {"metrics": {"true_positive_rate": 0.8673469387755102, "area_under_roc": 0.9899130856963247, "precision": 0.9426987060998152, "f1_measure": 0.9034543844109832, "accuracy": 0.9394444444444444, "log_loss": 0.22063706870534233, "false_positive_rate": 0.1326530612244898, "area_under_pr": 0.9778997193429753, "recall": 0.8673469387755102}, "sources": {"id": "confusion_matrix_1", "type": "confusion_matrix", "data": {"labels": ["No Risk", "Risk"], "values": [[1181, 31], [78, 510]]}}}, {"metrics": {"true_positive_rate": 0.8741721854304636, "area_under_roc": 0.9900946034242177, "precision": 0.96, "f1_measure": 0.9150779896013865, "accuracy": 0.9455555555555556, "log_loss": 0.22756138043949217, "false_positive_rate": 0.12582781456953643, "area_under_pr": 0.9787086253248893, "recall": 0.8741721854304636}, "sources": {"id": "confusion_matrix_1", "type": "confusion_matrix", "data": {"labels": ["No Risk", "Risk"], "values": [[1174, 22], [76, 528]]}}}, {"metrics": {"true_positive_rate": 0.8787375415282392, "area_under_roc": 0.9922517595771467, "precision": 0.9688644688644689, "f1_measure": 0.921602787456446, "accuracy": 0.95, "log_loss": 0.22009365298895683, "false_positive_rate": 0.1212624584717608, "area_under_pr": 0.9844632902212387, "recall": 0.8787375415282392}, "sources": {"id": "confusion_matrix_1", "type": "confusion_matrix", "data": {"labels": ["No Risk", "Risk"], "values": [[1181, 17], [73, 529]]}}}, {"metrics": {"true_positive_rate": 0.8659966499162479, "area_under_roc": 0.9909863810601915, "precision": 0.962756052141527, "f1_measure": 0.9118165784832452, "accuracy": 0.9444444444444444, "log_loss": 0.22146796754424314, "false_positive_rate": 0.13400335008375208, "area_under_pr": 0.9815499210789032, "recall": 0.8659966499162479}, "sources": {"id": "confusion_matrix_1", "type": "confusion_matrix", "data": {"labels": ["No Risk", "Risk"], "values": [[1183, 20], [80, 517]]}}}, {"metrics": {"true_positive_rate": 0.8232142857142857, "area_under_roc": 0.9852929197994988, "precision": 0.9644351464435147, "f1_measure": 0.8882466281310213, "accuracy": 0.9317647058823529, "log_loss": 0.23954581874078076, "false_positive_rate": 0.1767857142857143, "area_under_pr": 0.97317901098077, "recall": 0.8232142857142857}, "sources": {"id": "confusion_matrix_1", "type": "confusion_matrix", "data": {"labels": ["No Risk", "Risk"], "values": [[1123, 17], [99, 461]]}}}, {"metrics": {"true_positive_rate": 0.8518518518518519, "area_under_roc": 0.9837744061045031, "precision": 0.943359375, "f1_measure": 0.8952734012974977, "accuracy": 0.9335294117647058, "log_loss": 0.23939965899270874, "false_positive_rate": 0.14814814814814814, "area_under_pr": 0.967595024901211, "recall": 0.8518518518518519}, "sources": {"id": "confusion_matrix_1", "type": "confusion_matrix", "data": {"labels": ["No Risk", "Risk"], "values": [[1104, 29], [84, 483]]}}}, {"metrics": {"true_positive_rate": 0.8462929475587704, "area_under_roc": 0.9817623141428775, "precision": 0.9512195121951219, "f1_measure": 0.8956937799043063, "accuracy": 0.9358823529411765, "log_loss": 0.2445462116944221, "false_positive_rate": 0.15370705244122965, "area_under_pr": 0.9650015432122435, "recall": 0.8462929475587704}, "sources": {"id": "confusion_matrix_1", "type": "confusion_matrix", "data": {"labels": ["No Risk", "Risk"], "values": [[1123, 24], [85, 468]]}}}, {"metrics": {"true_positive_rate": 0.8543859649122807, "area_under_roc": 0.9860557366868498, "precision": 0.9549019607843138, "f1_measure": 0.901851851851852, "accuracy": 0.9376470588235294, "log_loss": 0.23645023914292096, "false_positive_rate": 0.1456140350877193, "area_under_pr": 0.9748672751313456, "recall": 0.8543859649122807}, "sources": {"id": "confusion_matrix_1", "type": "confusion_matrix", "data": {"labels": ["No Risk", "Risk"], "values": [[1107, 23], [83, 487]]}}}, {"metrics": {"true_positive_rate": 0.863063063063063, "area_under_roc": 0.9870663676777214, "precision": 0.954183266932271, "f1_measure": 0.9063386944181645, "accuracy": 0.941764705882353, "log_loss": 0.22557638832813387, "false_positive_rate": 0.13693693693693693, "area_under_pr": 0.976670741065578, "recall": 0.863063063063063}, "sources": {"id": "confusion_matrix_1", "type": "confusion_matrix", "data": {"labels": ["No Risk", "Risk"], "values": [[1122, 23], [76, 479]]}}}, {"metrics": {"true_positive_rate": 0.8360071301247772, "area_under_roc": 0.9845401805067145, "precision": 0.9455645161290323, "f1_measure": 0.8874172185430463, "accuracy": 0.93, "log_loss": 0.23933739830854928, "false_positive_rate": 0.16399286987522282, "area_under_pr": 0.97060444100561, "recall": 0.8360071301247772}, "sources": {"id": "confusion_matrix_1", "type": "confusion_matrix", "data": {"labels": ["No Risk", "Risk"], "values": [[1112, 27], [92, 469]]}}}, {"metrics": {"true_positive_rate": 0.8372093023255814, "area_under_roc": 0.9806206776530646, "precision": 0.949290060851927, "f1_measure": 0.8897338403041826, "accuracy": 0.9317647058823529, "log_loss": 0.24563363310329003, "false_positive_rate": 0.16279069767441862, "area_under_pr": 0.9678584800954032, "recall": 0.8372093023255814}, "sources": {"id": "confusion_matrix_1", "type": "confusion_matrix", "data": {"labels": ["No Risk", "Risk"], "values": [[1116, 25], [91, 468]]}}}, {"metrics": {"true_positive_rate": 0.8473154362416108, "area_under_roc": 0.9847298718509873, "precision": 0.9582542694497154, "f1_measure": 0.8993766696349066, "accuracy": 0.9335294117647058, "log_loss": 0.24191427185828804, "false_positive_rate": 0.15268456375838926, "area_under_pr": 0.9719221015087753, "recall": 0.8473154362416108}, "sources": {"id": "confusion_matrix_1", "type": "confusion_matrix", "data": {"labels": ["No Risk", "Risk"], "values": [[1082, 22], [91, 505]]}}}, {"metrics": {"true_positive_rate": 0.8785714285714286, "area_under_roc": 0.9854840225563909, "precision": 0.9498069498069498, "f1_measure": 0.9128014842300557, "accuracy": 0.9447058823529412, "log_loss": 0.23050689851306982, "false_positive_rate": 0.12142857142857143, "area_under_pr": 0.97282028743215, "recall": 0.8785714285714286}, "sources": {"id": "confusion_matrix_1", "type": "confusion_matrix", "data": {"labels": ["No Risk", "Risk"], "values": [[1114, 26], [68, 492]]}}}, {"metrics": {"true_positive_rate": 0.8612612612612612, "area_under_roc": 0.9871733742476101, "precision": 0.9446640316205533, "f1_measure": 0.9010367577756833, "accuracy": 0.9382352941176471, "log_loss": 0.22702471216963394, "false_positive_rate": 0.13873873873873874, "area_under_pr": 0.9728063446993002, "recall": 0.8612612612612612}, "sources": {"id": "confusion_matrix_1", "type": "confusion_matrix", "data": {"labels": ["No Risk", "Risk"], "values": [[1117, 28], [77, 478]]}}}, {"metrics": {"true_positive_rate": 0.8542805100182149, "area_under_roc": 0.9852713803946517, "precision": 0.955193482688391, "f1_measure": 0.9019230769230769, "accuracy": 0.94, "log_loss": 0.24143652965930273, "false_positive_rate": 0.14571948998178508, "area_under_pr": 0.9714955947197934, "recall": 0.8542805100182149}, "sources": {"id": "confusion_matrix_1", "type": "confusion_matrix", "data": {"labels": ["No Risk", "Risk"], "values": [[1129, 22], [80, 469]]}}}, {"metrics": {"true_positive_rate": 0.8469750889679716, "area_under_roc": 0.9828388757200307, "precision": 0.9388560157790927, "f1_measure": 0.8905519176800748, "accuracy": 0.9311764705882353, "log_loss": 0.23793352577071625, "false_positive_rate": 0.15302491103202848, "area_under_pr": 0.9670718033017841, "recall": 0.8469750889679716}, "sources": {"id": "confusion_matrix_1", "type": "confusion_matrix", "data": {"labels": ["No Risk", "Risk"], "values": [[1107, 31], [86, 476]]}}}, {"metrics": {"true_positive_rate": 0.8433734939759037, "area_under_roc": 0.9837442454613552, "precision": 0.9496124031007752, "f1_measure": 0.89334548769371, "accuracy": 0.9311764705882353, "log_loss": 0.24022432146131123, "false_positive_rate": 0.1566265060240964, "area_under_pr": 0.9723852132167133, "recall": 0.8433734939759037}, "sources": {"id": "confusion_matrix_1", "type": "confusion_matrix", "data": {"labels": ["No Risk", "Risk"], "values": [[1093, 26], [91, 490]]}}}, {"metrics": {"true_positive_rate": 0.8523131672597865, "area_under_roc": 0.981264345889961, "precision": 0.9447731755424064, "f1_measure": 0.8961646398503275, "accuracy": 0.9347058823529412, "log_loss": 0.2400377278569677, "false_positive_rate": 0.14768683274021352, "area_under_pr": 0.9632041259413598, "recall": 0.8523131672597865}, "sources": {"id": "confusion_matrix_1", "type": "confusion_matrix", "data": {"labels": ["No Risk", "Risk"], "values": [[1110, 28], [83, 479]]}}}, {"metrics": {"true_positive_rate": 0.8686131386861314, "area_under_roc": 0.9861214073905109, "precision": 0.9463220675944334, "f1_measure": 0.9058039961941009, "accuracy": 0.941764705882353, "log_loss": 0.2297176839898401, "false_positive_rate": 0.13138686131386862, "area_under_pr": 0.9701331276419387, "recall": 0.8686131386861314}, "sources": {"id": "confusion_matrix_1", "type": "confusion_matrix", "data": {"labels": ["No Risk", "Risk"], "values": [[1125, 27], [72, 476]]}}}, {"metrics": {"true_positive_rate": 0.875222816399287, "area_under_roc": 0.9865997161096061, "precision": 0.9497098646034816, "f1_measure": 0.9109461966604824, "accuracy": 0.9435294117647058, "log_loss": 0.22927165564279672, "false_positive_rate": 0.12477718360071301, "area_under_pr": 0.9752134765423346, "recall": 0.875222816399287}, "sources": {"id": "confusion_matrix_1", "type": "confusion_matrix", "data": {"labels": ["No Risk", "Risk"], "values": [[1113, 26], [70, 491]]}}}, {"metrics": {"true_positive_rate": 0.8660714285714286, "area_under_roc": 0.9860886591478697, "precision": 0.9547244094488189, "f1_measure": 0.9082397003745318, "accuracy": 0.9423529411764706, "log_loss": 0.23327653417450198, "false_positive_rate": 0.13392857142857142, "area_under_pr": 0.9733370003995635, "recall": 0.8660714285714286}, "sources": {"id": "confusion_matrix_1", "type": "confusion_matrix", "data": {"labels": ["No Risk", "Risk"], "values": [[1117, 23], [75, 485]]}}}, {"metrics": {"true_positive_rate": 0.8461538461538461, "area_under_roc": 0.985141552697552, "precision": 0.9574898785425101, "f1_measure": 0.8983855650522317, "accuracy": 0.9370588235294117, "log_loss": 0.23640274614967932, "false_positive_rate": 0.15384615384615385, "area_under_pr": 0.9703998592253855, "recall": 0.8461538461538461}, "sources": {"id": "confusion_matrix_1", "type": "confusion_matrix", "data": {"labels": ["No Risk", "Risk"], "values": [[1120, 21], [86, 473]]}}}, {"metrics": {"true_positive_rate": 0.8461538461538461, "area_under_roc": 0.9832831175916281, "precision": 0.9565217391304348, "f1_measure": 0.8979591836734695, "accuracy": 0.9352941176470588, "log_loss": 0.24006711068306263, "false_positive_rate": 0.15384615384615385, "area_under_pr": 0.9680856689097425, "recall": 0.8461538461538461}, "sources": {"id": "confusion_matrix_1", "type": "confusion_matrix", "data": {"labels": ["No Risk", "Risk"], "values": [[1106, 22], [88, 484]]}}}, {"metrics": {"true_positive_rate": 0.84, "area_under_roc": 0.9866537549407115, "precision": 0.9525773195876288, "f1_measure": 0.8927536231884057, "accuracy": 0.9347058823529412, "log_loss": 0.23364005811583177, "false_positive_rate": 0.16, "area_under_pr": 0.9728624061904736, "recall": 0.84}, "sources": {"id": "confusion_matrix_1", "type": "confusion_matrix", "data": {"labels": ["No Risk", "Risk"], "values": [[1127, 23], [88, 462]]}}}, {"metrics": {"true_positive_rate": 0.8295254833040422, "area_under_roc": 0.98841872831328, "precision": 0.9554655870445344, "f1_measure": 0.8880526810912512, "accuracy": 0.93, "log_loss": 0.22965331650338713, "false_positive_rate": 0.1704745166959578, "area_under_pr": 0.9767688774666987, "recall": 0.8295254833040422}, "sources": {"id": "confusion_matrix_1", "type": "confusion_matrix", "data": {"labels": ["No Risk", "Risk"], "values": [[1109, 22], [97, 472]]}}}, {"metrics": {"true_positive_rate": 0.8720292504570384, "area_under_roc": 0.9874788129210659, "precision": 0.9636363636363636, "f1_measure": 0.9155470249520153, "accuracy": 0.9482352941176471, "log_loss": 0.2288624636163533, "false_positive_rate": 0.12797074954296161, "area_under_pr": 0.975461660377481, "recall": 0.8720292504570384}, "sources": {"id": "confusion_matrix_1", "type": "confusion_matrix", "data": {"labels": ["No Risk", "Risk"], "values": [[1135, 18], [70, 477]]}}}, {"metrics": {"true_positive_rate": 0.8566308243727598, "area_under_roc": 0.9842805491215185, "precision": 0.952191235059761, "f1_measure": 0.9018867924528302, "accuracy": 0.9388235294117647, "log_loss": 0.23467534405601406, "false_positive_rate": 0.14336917562724014, "area_under_pr": 0.9702666014034331, "recall": 0.8566308243727598}, "sources": {"id": "confusion_matrix_1", "type": "confusion_matrix", "data": {"labels": ["No Risk", "Risk"], "values": [[1118, 24], [80, 478]]}}}, {"metrics": {"true_positive_rate": 0.8515769944341373, "area_under_roc": 0.9863066673697903, "precision": 0.9522821576763485, "f1_measure": 0.8991185112634672, "accuracy": 0.9394117647058824, "log_loss": 0.22846942534290712, "false_positive_rate": 0.14842300556586271, "area_under_pr": 0.9744688874344809, "recall": 0.8515769944341373}, "sources": {"id": "confusion_matrix_1", "type": "confusion_matrix", "data": {"labels": ["No Risk", "Risk"], "values": [[1138, 23], [80, 459]]}}}, {"metrics": {"true_positive_rate": 0.8441971383147854, "area_under_roc": 0.9833055854021282, "precision": 0.9414893617021277, "f1_measure": 0.8901927912824812, "accuracy": 0.9310526315789474, "log_loss": 0.2372817786610646, "false_positive_rate": 0.15580286168521462, "area_under_pr": 0.9693248955716066, "recall": 0.8441971383147854}, "sources": {"id": "confusion_matrix_1", "type": "confusion_matrix", "data": {"labels": ["No Risk", "Risk"], "values": [[1238, 33], [98, 531]]}}}, {"metrics": {"true_positive_rate": 0.8710191082802548, "area_under_roc": 0.98848045106758, "precision": 0.951304347826087, "f1_measure": 0.9093931837073981, "accuracy": 0.9426315789473684, "log_loss": 0.23226161047204633, "false_positive_rate": 0.12898089171974522, "area_under_pr": 0.9766123533178083, "recall": 0.8710191082802548}, "sources": {"id": "confusion_matrix_1", "type": "confusion_matrix", "data": {"labels": ["No Risk", "Risk"], "values": [[1244, 28], [81, 547]]}}}, {"metrics": {"true_positive_rate": 0.8473154362416108, "area_under_roc": 0.9871774251657266, "precision": 0.9456928838951311, "f1_measure": 0.8938053097345132, "accuracy": 0.9368421052631579, "log_loss": 0.22906533277186286, "false_positive_rate": 0.15268456375838926, "area_under_pr": 0.9731301000498929, "recall": 0.8473154362416108}, "sources": {"id": "confusion_matrix_1", "type": "confusion_matrix", "data": {"labels": ["No Risk", "Risk"], "values": [[1275, 29], [91, 505]]}}}, {"metrics": {"true_positive_rate": 0.8668831168831169, "area_under_roc": 0.9857404569729336, "precision": 0.9518716577540107, "f1_measure": 0.9073916737468141, "accuracy": 0.9426315789473684, "log_loss": 0.23170718891891218, "false_positive_rate": 0.1331168831168831, "area_under_pr": 0.9744350709141347, "recall": 0.8668831168831169}, "sources": {"id": "confusion_matrix_1", "type": "confusion_matrix", "data": {"labels": ["No Risk", "Risk"], "values": [[1257, 27], [82, 534]]}}}, {"metrics": {"true_positive_rate": 0.8344155844155844, "area_under_roc": 0.9835683689363595, "precision": 0.9396709323583181, "f1_measure": 0.8839208942390371, "accuracy": 0.9289473684210526, "log_loss": 0.23862377585494743, "false_positive_rate": 0.16558441558441558, "area_under_pr": 0.9678027412184189, "recall": 0.8344155844155844}, "sources": {"id": "confusion_matrix_1", "type": "confusion_matrix", "data": {"labels": ["No Risk", "Risk"], "values": [[1251, 33], [102, 514]]}}}, {"metrics": {"true_positive_rate": 0.8530805687203792, "area_under_roc": 0.9868293577020764, "precision": 0.9523809523809523, "f1_measure": 0.8999999999999999, "accuracy": 0.9368421052631579, "log_loss": 0.23314905015294132, "false_positive_rate": 0.14691943127962084, "area_under_pr": 0.9742765884825845, "recall": 0.8530805687203792}, "sources": {"id": "confusion_matrix_1", "type": "confusion_matrix", "data": {"labels": ["No Risk", "Risk"], "values": [[1240, 27], [93, 540]]}}}, {"metrics": {"true_positive_rate": 0.8419354838709677, "area_under_roc": 0.9844537550403225, "precision": 0.9473684210526315, "f1_measure": 0.8915456874466268, "accuracy": 0.9331578947368421, "log_loss": 0.23132428301970573, "false_positive_rate": 0.15806451612903225, "area_under_pr": 0.9709801604985868, "recall": 0.8419354838709677}, "sources": {"id": "confusion_matrix_1", "type": "confusion_matrix", "data": {"labels": ["No Risk", "Risk"], "values": [[1251, 29], [98, 522]]}}}, {"metrics": {"true_positive_rate": 0.860062893081761, "area_under_roc": 0.9836846190589921, "precision": 0.9447322970639033, "f1_measure": 0.9004115226337449, "accuracy": 0.9363157894736842, "log_loss": 0.2376901233096168, "false_positive_rate": 0.139937106918239, "area_under_pr": 0.9707736133659848, "recall": 0.860062893081761}, "sources": {"id": "confusion_matrix_1", "type": "confusion_matrix", "data": {"labels": ["No Risk", "Risk"], "values": [[1232, 32], [89, 547]]}}}, {"metrics": {"true_positive_rate": 0.8600953895071543, "area_under_roc": 0.9854251437534632, "precision": 0.9524647887323944, "f1_measure": 0.9039264828738514, "accuracy": 0.9394736842105263, "log_loss": 0.23485193054545783, "false_positive_rate": 0.13990461049284578, "area_under_pr": 0.971246173929801, "recall": 0.8600953895071543}, "sources": {"id": "confusion_matrix_1", "type": "confusion_matrix", "data": {"labels": ["No Risk", "Risk"], "values": [[1244, 27], [88, 541]]}}}, {"metrics": {"true_positive_rate": 0.8470209339774557, "area_under_roc": 0.9836703140914992, "precision": 0.9563636363636364, "f1_measure": 0.8983774551665245, "accuracy": 0.9373684210526316, "log_loss": 0.23343596486889953, "false_positive_rate": 0.1529790660225443, "area_under_pr": 0.9696352665005783, "recall": 0.8470209339774557}, "sources": {"id": "confusion_matrix_1", "type": "confusion_matrix", "data": {"labels": ["No Risk", "Risk"], "values": [[1255, 24], [95, 526]]}}}, {"metrics": {"true_positive_rate": 0.8642172523961661, "area_under_roc": 0.9858117122494119, "precision": 0.9592198581560284, "f1_measure": 0.9092436974789916, "accuracy": 0.9431578947368421, "log_loss": 0.23248006548795083, "false_positive_rate": 0.13578274760383385, "area_under_pr": 0.9732577961266827, "recall": 0.8642172523961661}, "sources": {"id": "confusion_matrix_1", "type": "confusion_matrix", "data": {"labels": ["No Risk", "Risk"], "values": [[1251, 23], [85, 541]]}}}, {"metrics": {"true_positive_rate": 0.8566978193146417, "area_under_roc": 0.9860704574833217, "precision": 0.9548611111111112, "f1_measure": 0.90311986863711, "accuracy": 0.9378947368421052, "log_loss": 0.23071492118084866, "false_positive_rate": 0.14330218068535824, "area_under_pr": 0.9767331578246189, "recall": 0.8566978193146417}, "sources": {"id": "confusion_matrix_1", "type": "confusion_matrix", "data": {"labels": ["No Risk", "Risk"], "values": [[1232, 26], [92, 550]]}}}, {"metrics": {"true_positive_rate": 0.8489096573208723, "area_under_roc": 0.9858240593534712, "precision": 0.956140350877193, "f1_measure": 0.8993399339933993, "accuracy": 0.9357894736842105, "log_loss": 0.23439415771680297, "false_positive_rate": 0.15109034267912771, "area_under_pr": 0.9752266778245771, "recall": 0.8489096573208723}, "sources": {"id": "confusion_matrix_1", "type": "confusion_matrix", "data": {"labels": ["No Risk", "Risk"], "values": [[1233, 25], [97, 545]]}}}, {"metrics": {"true_positive_rate": 0.8341708542713567, "area_under_roc": 0.9849471198406974, "precision": 0.9449715370018975, "f1_measure": 0.8861209964412811, "accuracy": 0.9326315789473684, "log_loss": 0.23267809059292618, "false_positive_rate": 0.1658291457286432, "area_under_pr": 0.9706357267045066, "recall": 0.8341708542713567}, "sources": {"id": "confusion_matrix_1", "type": "confusion_matrix", "data": {"labels": ["No Risk", "Risk"], "values": [[1274, 29], [99, 498]]}}}, {"metrics": {"true_positive_rate": 0.8445839874411303, "area_under_roc": 0.9839788647050269, "precision": 0.9422066549912435, "f1_measure": 0.890728476821192, "accuracy": 0.9305263157894736, "log_loss": 0.23769080471531964, "false_positive_rate": 0.1554160125588697, "area_under_pr": 0.96968657345361, "recall": 0.8445839874411303}, "sources": {"id": "confusion_matrix_1", "type": "confusion_matrix", "data": {"labels": ["No Risk", "Risk"], "values": [[1230, 33], [99, 538]]}}}, {"metrics": {"true_positive_rate": 0.837620578778135, "area_under_roc": 0.9864526566329022, "precision": 0.9542124542124543, "f1_measure": 0.8921232876712327, "accuracy": 0.9336842105263158, "log_loss": 0.2306580747155411, "false_positive_rate": 0.16237942122186494, "area_under_pr": 0.9743082235200536, "recall": 0.837620578778135}, "sources": {"id": "confusion_matrix_1", "type": "confusion_matrix", "data": {"labels": ["No Risk", "Risk"], "values": [[1253, 25], [101, 521]]}}}, {"metrics": {"true_positive_rate": 0.8596491228070176, "area_under_roc": 0.9856089735157003, "precision": 0.9573712255772646, "f1_measure": 0.9058823529411765, "accuracy": 0.9410526315789474, "log_loss": 0.23324105813873647, "false_positive_rate": 0.14035087719298245, "area_under_pr": 0.9725402033979612, "recall": 0.8596491228070176}, "sources": {"id": "confusion_matrix_1", "type": "confusion_matrix", "data": {"labels": ["No Risk", "Risk"], "values": [[1249, 24], [88, 539]]}}}, {"metrics": {"true_positive_rate": 0.8328220858895705, "area_under_roc": 0.9813505289444708, "precision": 0.9509632224168126, "f1_measure": 0.8879803761242846, "accuracy": 0.9278947368421052, "log_loss": 0.2445275209989541, "false_positive_rate": 0.16717791411042945, "area_under_pr": 0.9701768983357317, "recall": 0.8328220858895705}, "sources": {"id": "confusion_matrix_1", "type": "confusion_matrix", "data": {"labels": ["No Risk", "Risk"], "values": [[1220, 28], [109, 543]]}}}, {"metrics": {"true_positive_rate": 0.8647798742138365, "area_under_roc": 0.9871558046731947, "precision": 0.9548611111111112, "f1_measure": 0.9075907590759077, "accuracy": 0.9410526315789474, "log_loss": 0.23305664384302766, "false_positive_rate": 0.13522012578616352, "area_under_pr": 0.9767661406455094, "recall": 0.8647798742138365}, "sources": {"id": "confusion_matrix_1", "type": "confusion_matrix", "data": {"labels": ["No Risk", "Risk"], "values": [[1238, 26], [86, 550]]}}}, {"metrics": {"true_positive_rate": 0.8768718801996672, "area_under_roc": 0.9897937617442831, "precision": 0.9495495495495495, "f1_measure": 0.9117647058823529, "accuracy": 0.9463157894736842, "log_loss": 0.22165490536976976, "false_positive_rate": 0.12312811980033278, "area_under_pr": 0.9788590457894488, "recall": 0.8768718801996672}, "sources": {"id": "confusion_matrix_1", "type": "confusion_matrix", "data": {"labels": ["No Risk", "Risk"], "values": [[1271, 28], [74, 527]]}}}, {"metrics": {"true_positive_rate": 0.8548644338118022, "area_under_roc": 0.9872734038194824, "precision": 0.9605734767025089, "f1_measure": 0.9046413502109704, "accuracy": 0.9405263157894737, "log_loss": 0.22900292683666562, "false_positive_rate": 0.14513556618819776, "area_under_pr": 0.975976179242852, "recall": 0.8548644338118022}, "sources": {"id": "confusion_matrix_1", "type": "confusion_matrix", "data": {"labels": ["No Risk", "Risk"], "values": [[1251, 22], [91, 536]]}}}, {"metrics": {"true_positive_rate": 0.8792048929663608, "area_under_roc": 0.9886879604949906, "precision": 0.9583333333333334, "f1_measure": 0.9170653907496014, "accuracy": 0.9452631578947368, "log_loss": 0.22827586287119186, "false_positive_rate": 0.12079510703363915, "area_under_pr": 0.9791751608311516, "recall": 0.8792048929663608}, "sources": {"id": "confusion_matrix_1", "type": "confusion_matrix", "data": {"labels": ["No Risk", "Risk"], "values": [[1221, 25], [79, 575]]}}}, {"metrics": {"true_positive_rate": 0.861244019138756, "area_under_roc": 0.9860593782535322, "precision": 0.9557522123893806, "f1_measure": 0.9060402684563759, "accuracy": 0.9410526315789474, "log_loss": 0.23754009876583917, "false_positive_rate": 0.13875598086124402, "area_under_pr": 0.9739613760761607, "recall": 0.861244019138756}, "sources": {"id": "confusion_matrix_1", "type": "confusion_matrix", "data": {"labels": ["No Risk", "Risk"], "values": [[1248, 25], [87, 540]]}}}, {"metrics": {"true_positive_rate": 0.8617886178861789, "area_under_roc": 0.9859428679889911, "precision": 0.9430604982206405, "f1_measure": 0.9005947323704333, "accuracy": 0.9384210526315789, "log_loss": 0.2352716032151403, "false_positive_rate": 0.13821138211382114, "area_under_pr": 0.9716306398687985, "recall": 0.8617886178861789}, "sources": {"id": "confusion_matrix_1", "type": "confusion_matrix", "data": {"labels": ["No Risk", "Risk"], "values": [[1253, 32], [85, 530]]}}}, {"metrics": {"true_positive_rate": 0.8452655889145496, "area_under_roc": 0.9800258916227814, "precision": 0.9481865284974094, "f1_measure": 0.8937728937728938, "accuracy": 0.933076923076923, "log_loss": 0.24474993589776511, "false_positive_rate": 0.15473441108545036, "area_under_pr": 0.9651348681353635, "recall": 0.8452655889145496}, "sources": {"id": "confusion_matrix_1", "type": "confusion_matrix", "data": {"labels": ["No Risk", "Risk"], "values": [[1694, 40], [134, 732]]}}}, {"metrics": {"true_positive_rate": 0.8335287221570926, "area_under_roc": 0.9806024865268949, "precision": 0.9429708222811671, "f1_measure": 0.8848786558805227, "accuracy": 0.9288461538461539, "log_loss": 0.2435700532363698, "false_positive_rate": 0.16647127784290738, "area_under_pr": 0.9628782788234374, "recall": 0.8335287221570926}, "sources": {"id": "confusion_matrix_1", "type": "confusion_matrix", "data": {"labels": ["No Risk", "Risk"], "values": [[1704, 43], [142, 711]]}}}, {"metrics": {"true_positive_rate": 0.8545887961859356, "area_under_roc": 0.983759498442956, "precision": 0.9534574468085106, "f1_measure": 0.9013199245757385, "accuracy": 0.9396153846153846, "log_loss": 0.23702056770977042, "false_positive_rate": 0.14541120381406436, "area_under_pr": 0.9696358180461527, "recall": 0.8545887961859356}, "sources": {"id": "confusion_matrix_1", "type": "confusion_matrix", "data": {"labels": ["No Risk", "Risk"], "values": [[1726, 35], [122, 717]]}}}, {"metrics": {"true_positive_rate": 0.8514619883040936, "area_under_roc": 0.9851988136530438, "precision": 0.9516339869281045, "f1_measure": 0.8987654320987655, "accuracy": 0.936923076923077, "log_loss": 0.236887643738951, "false_positive_rate": 0.14853801169590644, "area_under_pr": 0.9711557633484006, "recall": 0.8514619883040936}, "sources": {"id": "confusion_matrix_1", "type": "confusion_matrix", "data": {"labels": ["No Risk", "Risk"], "values": [[1708, 37], [127, 728]]}}}, {"metrics": {"true_positive_rate": 0.8544819557625145, "area_under_roc": 0.9846009980481694, "precision": 0.9557291666666666, "f1_measure": 0.9022741241548863, "accuracy": 0.9388461538461539, "log_loss": 0.2349091763448146, "false_positive_rate": 0.14551804423748546, "area_under_pr": 0.9736436602045625, "recall": 0.8544819557625145}, "sources": {"id": "confusion_matrix_1", "type": "confusion_matrix", "data": {"labels": ["No Risk", "Risk"], "values": [[1707, 34], [125, 734]]}}}, {"metrics": {"true_positive_rate": 0.8534583821805393, "area_under_roc": 0.9795979173139551, "precision": 0.9417852522639069, "f1_measure": 0.8954489544895449, "accuracy": 0.9346153846153846, "log_loss": 0.24216355744439874, "false_positive_rate": 0.14654161781946073, "area_under_pr": 0.9639951547573661, "recall": 0.8534583821805393}, "sources": {"id": "confusion_matrix_1", "type": "confusion_matrix", "data": {"labels": ["No Risk", "Risk"], "values": [[1702, 45], [125, 728]]}}}, {"metrics": {"true_positive_rate": 0.8482758620689655, "area_under_roc": 0.9816321174672779, "precision": 0.9425287356321839, "f1_measure": 0.8929219600725953, "accuracy": 0.931923076923077, "log_loss": 0.24266681846589772, "false_positive_rate": 0.15172413793103448, "area_under_pr": 0.9664401147534493, "recall": 0.8482758620689655}, "sources": {"id": "confusion_matrix_1", "type": "confusion_matrix", "data": {"labels": ["No Risk", "Risk"], "values": [[1685, 45], [132, 738]]}}}, {"metrics": {"true_positive_rate": 0.8513674197384067, "area_under_roc": 0.9830097497564758, "precision": 0.9433465085638999, "f1_measure": 0.895, "accuracy": 0.9353846153846154, "log_loss": 0.23489987402070067, "false_positive_rate": 0.14863258026159334, "area_under_pr": 0.9693568084717727, "recall": 0.8513674197384067}, "sources": {"id": "confusion_matrix_1", "type": "confusion_matrix", "data": {"labels": ["No Risk", "Risk"], "values": [[1716, 43], [125, 716]]}}}, {"metrics": {"true_positive_rate": 0.8348946135831382, "area_under_roc": 0.979486735824407, "precision": 0.9443708609271523, "f1_measure": 0.8862647607209447, "accuracy": 0.9296153846153846, "log_loss": 0.24366747203403288, "false_positive_rate": 0.16510538641686182, "area_under_pr": 0.9654727804984474, "recall": 0.8348946135831382}, "sources": {"id": "confusion_matrix_1", "type": "confusion_matrix", "data": {"labels": ["No Risk", "Risk"], "values": [[1704, 42], [141, 713]]}}}, {"metrics": {"true_positive_rate": 0.8445714285714285, "area_under_roc": 0.9840483643892339, "precision": 0.9486521181001284, "f1_measure": 0.8935912938331317, "accuracy": 0.9323076923076923, "log_loss": 0.23743921556423597, "false_positive_rate": 0.15542857142857142, "area_under_pr": 0.970094332271939, "recall": 0.8445714285714285}, "sources": {"id": "confusion_matrix_1", "type": "confusion_matrix", "data": {"labels": ["No Risk", "Risk"], "values": [[1685, 40], [136, 739]]}}}, {"metrics": {"true_positive_rate": 0.8559322033898306, "area_under_roc": 0.9843352050468019, "precision": 0.9426666666666667, "f1_measure": 0.8972081218274112, "accuracy": 0.9376923076923077, "log_loss": 0.2326316663977483, "false_positive_rate": 0.1440677966101695, "area_under_pr": 0.9684268740848535, "recall": 0.8559322033898306}, "sources": {"id": "confusion_matrix_1", "type": "confusion_matrix", "data": {"labels": ["No Risk", "Risk"], "values": [[1731, 43], [119, 707]]}}}, {"metrics": {"true_positive_rate": 0.8403361344537815, "area_under_roc": 0.9807542711481876, "precision": 0.9358288770053476, "f1_measure": 0.8855154965211892, "accuracy": 0.9303846153846154, "log_loss": 0.2426497222380253, "false_positive_rate": 0.15966386554621848, "area_under_pr": 0.9618496452287476, "recall": 0.8403361344537815}, "sources": {"id": "confusion_matrix_1", "type": "confusion_matrix", "data": {"labels": ["No Risk", "Risk"], "values": [[1719, 48], [133, 700]]}}}, {"metrics": {"true_positive_rate": 0.8299643281807372, "area_under_roc": 0.9827572687162134, "precision": 0.9470827679782904, "f1_measure": 0.8846641318124208, "accuracy": 0.93, "log_loss": 0.23903234406713766, "false_positive_rate": 0.1700356718192628, "area_under_pr": 0.9666161841582835, "recall": 0.8299643281807372}, "sources": {"id": "confusion_matrix_1", "type": "confusion_matrix", "data": {"labels": ["No Risk", "Risk"], "values": [[1720, 39], [143, 698]]}}}, {"metrics": {"true_positive_rate": 0.8483009708737864, "area_under_roc": 0.9843445918612787, "precision": 0.938255033557047, "f1_measure": 0.8910133843212236, "accuracy": 0.9342307692307692, "log_loss": 0.2350311139988737, "false_positive_rate": 0.15169902912621358, "area_under_pr": 0.9668804871450123, "recall": 0.8483009708737864}, "sources": {"id": "confusion_matrix_1", "type": "confusion_matrix", "data": {"labels": ["No Risk", "Risk"], "values": [[1730, 46], [125, 699]]}}}, {"metrics": {"true_positive_rate": 0.850887573964497, "area_under_roc": 0.9856379912001213, "precision": 0.9548472775564409, "f1_measure": 0.899874843554443, "accuracy": 0.9384615384615385, "log_loss": 0.23231059571864945, "false_positive_rate": 0.14911242603550295, "area_under_pr": 0.9741317260404124, "recall": 0.850887573964497}, "sources": {"id": "confusion_matrix_1", "type": "confusion_matrix", "data": {"labels": ["No Risk", "Risk"], "values": [[1721, 34], [126, 719]]}}}, {"metrics": {"true_positive_rate": 0.8454332552693209, "area_under_roc": 0.9829057249625104, "precision": 0.9487516425755584, "f1_measure": 0.8941176470588236, "accuracy": 0.9342307692307692, "log_loss": 0.23512289454935695, "false_positive_rate": 0.15456674473067916, "area_under_pr": 0.9691329275285087, "recall": 0.8454332552693209}, "sources": {"id": "confusion_matrix_1", "type": "confusion_matrix", "data": {"labels": ["No Risk", "Risk"], "values": [[1707, 39], [132, 722]]}}}, {"metrics": {"true_positive_rate": 0.8526570048309179, "area_under_roc": 0.9819150690832161, "precision": 0.9451137884872824, "f1_measure": 0.8965079365079366, "accuracy": 0.9373076923076923, "log_loss": 0.23743341736382054, "false_positive_rate": 0.1473429951690821, "area_under_pr": 0.9662371832615062, "recall": 0.8526570048309179}, "sources": {"id": "confusion_matrix_1", "type": "confusion_matrix", "data": {"labels": ["No Risk", "Risk"], "values": [[1731, 41], [122, 706]]}}}, {"metrics": {"true_positive_rate": 0.8419243986254296, "area_under_roc": 0.9833740252349485, "precision": 0.9471649484536082, "f1_measure": 0.8914493632504549, "accuracy": 0.9311538461538461, "log_loss": 0.23777386806502854, "false_positive_rate": 0.15807560137457044, "area_under_pr": 0.9690314019630593, "recall": 0.8419243986254296}, "sources": {"id": "confusion_matrix_1", "type": "confusion_matrix", "data": {"labels": ["No Risk", "Risk"], "values": [[1686, 41], [138, 735]]}}}, {"metrics": {"true_positive_rate": 0.8492343934040048, "area_under_roc": 0.9847598444503193, "precision": 0.9461942257217848, "f1_measure": 0.8950962135319677, "accuracy": 0.935, "log_loss": 0.23535885872985182, "false_positive_rate": 0.15076560659599528, "area_under_pr": 0.9707390439989865, "recall": 0.8492343934040048}, "sources": {"id": "confusion_matrix_1", "type": "confusion_matrix", "data": {"labels": ["No Risk", "Risk"], "values": [[1710, 41], [128, 721]]}}}, {"metrics": {"true_positive_rate": 0.8416184971098266, "area_under_roc": 0.9817760823574485, "precision": 0.9454545454545454, "f1_measure": 0.8905198776758411, "accuracy": 0.9311538461538461, "log_loss": 0.24200424998204054, "false_positive_rate": 0.15838150289017341, "area_under_pr": 0.9646124613898726, "recall": 0.8416184971098266}, "sources": {"id": "confusion_matrix_1", "type": "confusion_matrix", "data": {"labels": ["No Risk", "Risk"], "values": [[1693, 42], [137, 728]]}}}, {"metrics": {"true_positive_rate": 0.8353080568720379, "area_under_roc": 0.9801358105992724, "precision": 0.9387483355525965, "f1_measure": 0.8840125391849529, "accuracy": 0.9288461538461539, "log_loss": 0.24538648114900638, "false_positive_rate": 0.1646919431279621, "area_under_pr": 0.9615367348592381, "recall": 0.8353080568720379}, "sources": {"id": "confusion_matrix_1", "type": "confusion_matrix", "data": {"labels": ["No Risk", "Risk"], "values": [[1710, 46], [139, 705]]}}}, {"metrics": {"true_positive_rate": 0.8459743290548425, "area_under_roc": 0.9844294664907337, "precision": 0.9539473684210527, "f1_measure": 0.8967223252937538, "accuracy": 0.9357692307692308, "log_loss": 0.23914072401406253, "false_positive_rate": 0.15402567094515754, "area_under_pr": 0.970694168890696, "recall": 0.8459743290548425}, "sources": {"id": "confusion_matrix_1", "type": "confusion_matrix", "data": {"labels": ["No Risk", "Risk"], "values": [[1708, 35], [132, 725]]}}}, {"metrics": {"true_positive_rate": 0.8561236623067776, "area_under_roc": 0.9849954607491691, "precision": 0.9473684210526315, "f1_measure": 0.8994378513429107, "accuracy": 0.938076923076923, "log_loss": 0.23654612492896127, "false_positive_rate": 0.14387633769322236, "area_under_pr": 0.9682635918176139, "recall": 0.8561236623067776}, "sources": {"id": "confusion_matrix_1", "type": "confusion_matrix", "data": {"labels": ["No Risk", "Risk"], "values": [[1719, 40], [121, 720]]}}}, {"metrics": {"true_positive_rate": 0.8616780045351474, "area_under_roc": 0.9836712915666849, "precision": 0.9440993788819876, "f1_measure": 0.9010077059869592, "accuracy": 0.9357692307692308, "log_loss": 0.23837898479474773, "false_positive_rate": 0.1383219954648526, "area_under_pr": 0.9683223186687326, "recall": 0.8616780045351474}, "sources": {"id": "confusion_matrix_1", "type": "confusion_matrix", "data": {"labels": ["No Risk", "Risk"], "values": [[1673, 45], [122, 760]]}}}, {"metrics": {"true_positive_rate": 0.8508604206500956, "area_under_roc": 0.9874762769608235, "precision": 0.9508547008547008, "f1_measure": 0.8980827447023209, "accuracy": 0.936875, "log_loss": 0.23225586742795656, "false_positive_rate": 0.1491395793499044, "area_under_pr": 0.9728642486096105, "recall": 0.8508604206500956}, "sources": {"id": "confusion_matrix_1", "type": "confusion_matrix", "data": {"labels": ["No Risk", "Risk"], "values": [[2108, 46], [156, 890]]}}}, {"metrics": {"true_positive_rate": 0.8475378787878788, "area_under_roc": 0.9852990021483491, "precision": 0.9551760939167556, "f1_measure": 0.8981435022579027, "accuracy": 0.9365625, "log_loss": 0.2339970412349017, "false_positive_rate": 0.15246212121212122, "area_under_pr": 0.9731984802446101, "recall": 0.8475378787878788}, "sources": {"id": "confusion_matrix_1", "type": "confusion_matrix", "data": {"labels": ["No Risk", "Risk"], "values": [[2102, 42], [161, 895]]}}}, {"metrics": {"true_positive_rate": 0.8594491927825261, "area_under_roc": 0.9846876602038843, "precision": 0.9456635318704284, "f1_measure": 0.900497512437811, "accuracy": 0.9375, "log_loss": 0.23378212103469856, "false_positive_rate": 0.14055080721747387, "area_under_pr": 0.9704613672762429, "recall": 0.8594491927825261}, "sources": {"id": "confusion_matrix_1", "type": "confusion_matrix", "data": {"labels": ["No Risk", "Risk"], "values": [[2095, 52], [148, 905]]}}}, {"metrics": {"true_positive_rate": 0.850431447746884, "area_under_roc": 0.9820744606847602, "precision": 0.9416135881104034, "f1_measure": 0.8937027707808565, "accuracy": 0.9340625, "log_loss": 0.23983745013390917, "false_positive_rate": 0.14956855225311602, "area_under_pr": 0.9653717783291764, "recall": 0.850431447746884}, "sources": {"id": "confusion_matrix_1", "type": "confusion_matrix", "data": {"labels": ["No Risk", "Risk"], "values": [[2102, 55], [156, 887]]}}}, {"metrics": {"true_positive_rate": 0.8427495291902072, "area_under_roc": 0.984600688113396, "precision": 0.9501061571125266, "f1_measure": 0.8932135728542915, "accuracy": 0.933125, "log_loss": 0.2369828870798549, "false_positive_rate": 0.15725047080979285, "area_under_pr": 0.9717585632496532, "recall": 0.8427495291902072}, "sources": {"id": "confusion_matrix_1", "type": "confusion_matrix", "data": {"labels": ["No Risk", "Risk"], "values": [[2091, 47], [167, 895]]}}}, {"metrics": {"true_positive_rate": 0.8535885167464115, "area_under_roc": 0.9854756380510441, "precision": 0.9469214437367304, "f1_measure": 0.8978359335681932, "accuracy": 0.9365625, "log_loss": 0.23363590221732378, "false_positive_rate": 0.14641148325358852, "area_under_pr": 0.9718807166615, "recall": 0.8535885167464115}, "sources": {"id": "confusion_matrix_1", "type": "confusion_matrix", "data": {"labels": ["No Risk", "Risk"], "values": [[2105, 50], [153, 892]]}}}, {"metrics": {"true_positive_rate": 0.8404966571155683, "area_under_roc": 0.9819749080712326, "precision": 0.9482758620689655, "f1_measure": 0.8911392405063291, "accuracy": 0.9328125, "log_loss": 0.24130940569768045, "false_positive_rate": 0.15950334288443171, "area_under_pr": 0.9680570950638734, "recall": 0.8404966571155683}, "sources": {"id": "confusion_matrix_1", "type": "confusion_matrix", "data": {"labels": ["No Risk", "Risk"], "values": [[2105, 48], [167, 880]]}}}, {"metrics": {"true_positive_rate": 0.8342696629213483, "area_under_roc": 0.9832216062005046, "precision": 0.9488817891373802, "f1_measure": 0.8878923766816145, "accuracy": 0.9296875, "log_loss": 0.24120832575827045, "false_positive_rate": 0.16573033707865167, "area_under_pr": 0.9691441360626383, "recall": 0.8342696629213483}, "sources": {"id": "confusion_matrix_1", "type": "confusion_matrix", "data": {"labels": ["No Risk", "Risk"], "values": [[2084, 48], [177, 891]]}}}, {"metrics": {"true_positive_rate": 0.8477011494252874, "area_under_roc": 0.9821339716659914, "precision": 0.9445037353255069, "f1_measure": 0.8934881373043917, "accuracy": 0.9340625, "log_loss": 0.23945603211701352, "false_positive_rate": 0.15229885057471265, "area_under_pr": 0.9655185372113021, "recall": 0.8477011494252874}, "sources": {"id": "confusion_matrix_1", "type": "confusion_matrix", "data": {"labels": ["No Risk", "Risk"], "values": [[2104, 52], [159, 885]]}}}, {"metrics": {"true_positive_rate": 0.8442545109211775, "area_under_roc": 0.9803736833701124, "precision": 0.946751863684771, "f1_measure": 0.892570281124498, "accuracy": 0.933125, "log_loss": 0.24400063112109246, "false_positive_rate": 0.1557454890788224, "area_under_pr": 0.963841687092273, "recall": 0.8442545109211775}, "sources": {"id": "confusion_matrix_1", "type": "confusion_matrix", "data": {"labels": ["No Risk", "Risk"], "values": [[2097, 50], [164, 889]]}}}, {"metrics": {"true_positive_rate": 0.8510028653295129, "area_under_roc": 0.9829597403236903, "precision": 0.946865037194474, "f1_measure": 0.8963782696177064, "accuracy": 0.935625, "log_loss": 0.23866651878288997, "false_positive_rate": 0.1489971346704871, "area_under_pr": 0.9675021640532991, "recall": 0.8510028653295129}, "sources": {"id": "confusion_matrix_1", "type": "confusion_matrix", "data": {"labels": ["No Risk", "Risk"], "values": [[2103, 50], [156, 891]]}}}, {"metrics": {"true_positive_rate": 0.8574126534466477, "area_under_roc": 0.9851412615516388, "precision": 0.9487983281086729, "f1_measure": 0.9007936507936507, "accuracy": 0.9375, "log_loss": 0.23477569611727264, "false_positive_rate": 0.14258734655335223, "area_under_pr": 0.9700044302467056, "recall": 0.8574126534466477}, "sources": {"id": "confusion_matrix_1", "type": "confusion_matrix", "data": {"labels": ["No Risk", "Risk"], "values": [[2092, 49], [151, 908]]}}}, {"metrics": {"true_positive_rate": 0.842911877394636, "area_under_roc": 0.9812121034411674, "precision": 0.9492988133764833, "f1_measure": 0.8929477422628107, "accuracy": 0.9340625, "log_loss": 0.24160954108409527, "false_positive_rate": 0.15708812260536398, "area_under_pr": 0.9633637966735037, "recall": 0.842911877394636}, "sources": {"id": "confusion_matrix_1", "type": "confusion_matrix", "data": {"labels": ["No Risk", "Risk"], "values": [[2109, 47], [164, 880]]}}}, {"metrics": {"true_positive_rate": 0.8468720821661998, "area_under_roc": 0.984469942666279, "precision": 0.9517313746065058, "f1_measure": 0.8962450592885376, "accuracy": 0.934375, "log_loss": 0.237987253199696, "false_positive_rate": 0.1531279178338002, "area_under_pr": 0.9726942261560896, "recall": 0.8468720821661998}, "sources": {"id": "confusion_matrix_1", "type": "confusion_matrix", "data": {"labels": ["No Risk", "Risk"], "values": [[2083, 46], [164, 907]]}}}, {"metrics": {"true_positive_rate": 0.8426966292134831, "area_under_roc": 0.9839330761501219, "precision": 0.9453781512605042, "f1_measure": 0.8910891089108911, "accuracy": 0.93125, "log_loss": 0.23886114526832958, "false_positive_rate": 0.15730337078651685, "area_under_pr": 0.9689044767548053, "recall": 0.8426966292134831}, "sources": {"id": "confusion_matrix_1", "type": "confusion_matrix", "data": {"labels": ["No Risk", "Risk"], "values": [[2080, 52], [168, 900]]}}}, {"metrics": {"true_positive_rate": 0.8362068965517241, "area_under_roc": 0.9829445492930714, "precision": 0.9509803921568627, "f1_measure": 0.8899082568807339, "accuracy": 0.9325, "log_loss": 0.23823282093385456, "false_positive_rate": 0.16379310344827586, "area_under_pr": 0.9679638664236356, "recall": 0.8362068965517241}, "sources": {"id": "confusion_matrix_1", "type": "confusion_matrix", "data": {"labels": ["No Risk", "Risk"], "values": [[2111, 45], [171, 873]]}}}, {"metrics": {"true_positive_rate": 0.8529411764705882, "area_under_roc": 0.9846484169833644, "precision": 0.9453207150368034, "f1_measure": 0.8967581047381546, "accuracy": 0.9353125, "log_loss": 0.23681477324810868, "false_positive_rate": 0.14705882352941177, "area_under_pr": 0.9695119505517006, "recall": 0.8529411764705882}, "sources": {"id": "confusion_matrix_1", "type": "confusion_matrix", "data": {"labels": ["No Risk", "Risk"], "values": [[2094, 52], [155, 899]]}}}, {"metrics": {"true_positive_rate": 0.8565891472868217, "area_under_roc": 0.9879054749849823, "precision": 0.9505376344086022, "f1_measure": 0.9011213047910296, "accuracy": 0.939375, "log_loss": 0.23083312571138934, "false_positive_rate": 0.1434108527131783, "area_under_pr": 0.9748438769710586, "recall": 0.8565891472868217}, "sources": {"id": "confusion_matrix_1", "type": "confusion_matrix", "data": {"labels": ["No Risk", "Risk"], "values": [[2122, 46], [148, 884]]}}}, {"metrics": {"true_positive_rate": 0.8542665388302972, "area_under_roc": 0.9818942185157379, "precision": 0.9448568398727466, "f1_measure": 0.8972809667673716, "accuracy": 0.93625, "log_loss": 0.23894091486914504, "false_positive_rate": 0.1457334611697028, "area_under_pr": 0.9674494721355998, "recall": 0.8542665388302972}, "sources": {"id": "confusion_matrix_1", "type": "confusion_matrix", "data": {"labels": ["No Risk", "Risk"], "values": [[2105, 52], [152, 891]]}}}, {"metrics": {"true_positive_rate": 0.8519579751671442, "area_under_roc": 0.9854105086924755, "precision": 0.9499467518636848, "f1_measure": 0.8982880161127895, "accuracy": 0.936875, "log_loss": 0.2332386949766299, "false_positive_rate": 0.14804202483285578, "area_under_pr": 0.9713197032393482, "recall": 0.8519579751671442}, "sources": {"id": "confusion_matrix_1", "type": "confusion_matrix", "data": {"labels": ["No Risk", "Risk"], "values": [[2106, 47], [155, 892]]}}}, {"metrics": {"true_positive_rate": 0.8483992467043314, "area_under_roc": 0.9852417205301256, "precision": 0.9544491525423728, "f1_measure": 0.8983050847457628, "accuracy": 0.93625, "log_loss": 0.236085680319111, "false_positive_rate": 0.15160075329566855, "area_under_pr": 0.9724686667442002, "recall": 0.8483992467043314}, "sources": {"id": "confusion_matrix_1", "type": "confusion_matrix", "data": {"labels": ["No Risk", "Risk"], "values": [[2095, 43], [161, 901]]}}}, {"metrics": {"true_positive_rate": 0.8499043977055449, "area_under_roc": 0.9833095437187429, "precision": 0.9477611940298507, "f1_measure": 0.8961693548387096, "accuracy": 0.935625, "log_loss": 0.2368141808956201, "false_positive_rate": 0.15009560229445507, "area_under_pr": 0.9703075765988382, "recall": 0.8499043977055449}, "sources": {"id": "confusion_matrix_1", "type": "confusion_matrix", "data": {"labels": ["No Risk", "Risk"], "values": [[2105, 49], [157, 889]]}}}, {"metrics": {"true_positive_rate": 0.8435114503816794, "area_under_roc": 0.9832886680950084, "precision": 0.947481243301179, "f1_measure": 0.8924785461887935, "accuracy": 0.9334375, "log_loss": 0.23701672830214313, "false_positive_rate": 0.15648854961832062, "area_under_pr": 0.9696394287856014, "recall": 0.8435114503816794}, "sources": {"id": "confusion_matrix_1", "type": "confusion_matrix", "data": {"labels": ["No Risk", "Risk"], "values": [[2103, 49], [164, 884]]}}}, {"metrics": {"true_positive_rate": 0.8490566037735849, "area_under_roc": 0.9826725886087109, "precision": 0.9463722397476341, "f1_measure": 0.8950770760815515, "accuracy": 0.9340625, "log_loss": 0.23999526319663045, "false_positive_rate": 0.1509433962264151, "area_under_pr": 0.968400793630736, "recall": 0.8490566037735849}, "sources": {"id": "confusion_matrix_1", "type": "confusion_matrix", "data": {"labels": ["No Risk", "Risk"], "values": [[2089, 51], [160, 900]]}}}]