{"description":"Data integration component","fields":[],"relationships":[],"properties":{"transformation_expression":{"type":"string","description":"Expression for the transformation","readonly":true,"validated":false,"label":{"default":"Transformation expression","en":"Transformation expression"}},"ext_attributes":{"type":"object","description":"Vendor specific attributes","readonly":true,"validated":false,"label":{"default":"Attributes","en":"Attributes"}}},"localized_metadata_attributes":{"name":{"default":"Data integration component","en":"Data integration component"}},"identity":{"strategy":"DUPLICATE_DETECTION_BY_RESOURCE_KEY"},"global_search_searchable":[],"attribute_only":false,"is_column_custom_attribute":false,"can_have_image":false,"version":1,"name":"data_integration_component","scope":"GLOBAL","allow_decorators":true}