{"description":"The data_quality asset type.","fields":[{"key":"dimension_id","type":"String","facet":false,"is_array":true,"search_path":"issues[].dimension_id","is_searchable_across_types":true},{"key":"quality_check_id","type":"String","facet":false,"is_array":true,"search_path":"issues[].quality_check.id","is_searchable_across_types":true}],"relationships":[],"global_search_searchable":[],"attribute_only":false,"is_column_custom_attribute":false,"can_have_image":false,"version":1,"name":"data_quality","scope":"GLOBAL","allow_decorators":true}