{"description":"An asset that represents the stored procedure structure in the physical model","fields":[],"relationships":[],"properties":{"parameters":{"type":"string","description":"List of stored procedure parameters","is_array":true,"validated":false},"source_code":{"type":"string","description":"The script defining the logic for the stored procedure","validated":false,"label":{"default":"Source Code","en":"Source Code"}},"notes":{"type":"string","description":"Free form textual notes that a user can add","validated":false}},"localized_metadata_attributes":{"name":{"default":"Physical model stored procedure","en":"Physical model stored procedure","de":"Gespeicherte Prozedur für physisches Modell","es":"Procedimiento almacenado de modelo físico","fr":"Procédure stockée du modèle physique","it":"Procedura memorizzata del modello fisico","ja":"物理モデル・ストアード・プロシージャー","ko":"물리적 모델 스토어드 프로시저","pt":"Procedimento armazenado do modelo físico","ru":"Хранимая процедура физической модели","sv":"Lagrad procedur för fysisk modell","zh":"物理模型存储过程","zh_TW":"實體模型儲存程序"}},"global_search_searchable":[],"attribute_only":false,"is_column_custom_attribute":false,"can_have_image":false,"version":1,"name":"ibm_physical_model_stored_procedure","scope":"GLOBAL","allow_decorators":true}