{"description":"A design schema for information assets","fields":[],"relationships":[],"properties":{"description":{"type":"string","description":"Text description of the table used as a comment","validated":false},"select_statement":{"type":"string","description":"The SQL query that defines the view","validated":false,"label":{"default":"Select Statement","en":"Select Statement"}},"notes":{"type":"string","description":"Free form textual notes that a user can add","validated":false}},"localized_metadata_attributes":{"name":{"default":"Physical model view","en":"Physical model view","de":"Ansicht des physischen Modells","es":"Vista de modelo físico","fr":"Vue du modèle physique","it":"Vista del modello fisico","ja":"物理モデル・ビュー","ko":"물리적 모델 보기","pt":"Visualização do modelo físico","ru":"Представление физической модели","sv":"Fysisk modellvy","zh":"物理模型视图","zh_TW":"實體模型視圖"}},"global_search_searchable":[],"attribute_only":false,"is_column_custom_attribute":false,"can_have_image":false,"version":1,"name":"ibm_physical_model_view","scope":"GLOBAL","allow_decorators":true}