{"description":"A group of related logical data model entities and relationships in a logical data model","fields":[],"relationships":[],"properties":{"diagram_scope":{"type":"bool","description":"Indicator of whether the group is a diagram scope.","validated":false,"label":{"default":"Diagram scope","en":"Diagram scope"}},"notes":{"type":"string","description":"Free form textual notes that a user can add","validated":false}},"localized_metadata_attributes":{"name":{"default":"Logical model group","en":"Logical model group","de":"Gruppe des logischen Modells","es":"Grupo de modelos lógicos","fr":"Groupe du modèle logique","it":"Gruppo di modelli logici","ja":"論理モデル・グループ","ko":"논리 모델 그룹","pt":"Grupo do modelo lógico","ru":"Группа логических моделей","sv":"Logisk modellgrupp","zh":"逻辑模型组","zh_TW":"邏輯模型群組"}},"global_search_searchable":[],"attribute_only":false,"is_column_custom_attribute":false,"can_have_image":false,"version":1,"name":"ibm_logical_model_group","scope":"GLOBAL","allow_decorators":true}