{"description":"A container for a physical data model","fields":[],"relationships":[],"properties":{"author":{"type":"string","description":"The organization or department that created the model.","validated":false},"version":{"type":"string","description":"The version of the model or the release of the model.","validated":false},"namespace":{"type":"string","description":"The value that helps to uniquely identify the model. It can include information about the business domain, name of the product or modeling tool","validated":false},"copyright":{"type":"string","description":"The model copyright information.","validated":false},"license":{"type":"string","description":"The model license information.","validated":false},"database_name":{"type":"string","description":"The name of the target RDBMS for which the model is designed","validated":false,"label":{"default":"Database Name","en":"Database Name"}},"database_version":{"type":"string","description":"The version of the target RDBMS for which the model is designed","validated":false,"label":{"default":"Database Version","en":"Database Version"}},"notes":{"type":"string","description":"Free form textual notes that a user can add","validated":false}},"localized_metadata_attributes":{"name":{"default":"Physical model","en":"Physical model","de":"Physisches Modell","es":"Modelo físico","fr":"Modèle physique","it":"Modello fisico","ja":"物理モデル","ko":"물리적 모델","pt":"Modelo físico","ru":"Физическая модель","sv":"Fysisk modell","zh":"物理模型","zh_TW":"實體模型"}},"global_search_searchable":[],"attribute_only":false,"is_column_custom_attribute":false,"can_have_image":false,"version":1,"name":"ibm_physical_model","scope":"GLOBAL","allow_decorators":true}