{"fields":[{"key":"name","type":"string","facet":false,"is_array":false,"is_searchable_across_types":false},{"key":"constraint_id","type":"string","facet":false,"is_array":false,"is_searchable_across_types":false},{"key":"metadata_enrichment_area_id","type":"string","facet":false,"is_array":false,"is_searchable_across_types":false},{"key":"key_analysis_area_id","type":"string","facet":false,"is_array":false,"is_searchable_across_types":false},{"key":"correlation_id","type":"string","facet":false,"is_array":false,"is_searchable_across_types":false},{"key":"data_asset","type":"string","facet":false,"is_array":false,"is_searchable_across_types":false},{"key":"data_asset_name","type":"string","facet":false,"is_array":false,"is_searchable_across_types":false},{"key":"target_data_asset","type":"string","facet":false,"is_array":false,"is_searchable_across_types":false},{"key":"target_data_asset_name","type":"string","facet":false,"is_array":false,"is_searchable_across_types":false},{"key":"analysis_type","type":"string","facet":false,"is_array":false,"is_searchable_across_types":false},{"key":"has_relation","type":"boolean","facet":false,"is_array":false,"is_searchable_across_types":false},{"key":"keys","type":"string","facet":false,"is_array":true,"is_searchable_across_types":false},{"key":"target_keys","type":"string","facet":false,"is_array":true,"is_searchable_across_types":false},{"key":"num_of_columns","type":"number","facet":false,"is_array":false,"is_searchable_across_types":false},{"key":"status","type":"string","facet":false,"is_array":false,"is_searchable_across_types":false},{"key":"confidence","type":"number","facet":false,"is_array":false,"is_searchable_across_types":false},{"key":"modified_at","type":"number","facet":false,"is_array":false,"is_searchable_across_types":false},{"key":"version","type":"number","facet":false,"is_array":false,"is_searchable_across_types":false},{"key":"total_records","type":"number","facet":false,"is_array":false,"is_searchable_across_types":false},{"key":"unique_values","type":"number","facet":false,"is_array":false,"is_searchable_across_types":false},{"key":"distinct_values","type":"number","facet":false,"is_array":false,"is_searchable_across_types":false},{"key":"null_values","type":"number","facet":false,"is_array":false,"is_searchable_across_types":false}],"relationships":[{"key":"key_analysis_area_id","target_asset_type":"key_analysis_area","on_delete_target":"CASCADE","on_delete":"IGNORE","on_clone_target":"IGNORE","on_clone":"IGNORE","on_promote":"IGNORE","on_publish":"IGNORE"}],"global_search_searchable":[],"attribute_only":false,"is_column_custom_attribute":false,"can_have_image":false,"version":1,"name":"key_analysis_result","scope":"GLOBAL","allow_decorators":true}