[
    {
        "request": {
            "fields": [
                "LIMIT_BAL",
                "SEX",
                "EDUCATION",
                "MARRIAGE",
                "AGE",
                "PAY_1",
                "PAY_2",
                "PAY_3",
                "PAY_4",
                "PAY_5",
                "PAY_6",
                "BILL_AMT1",
                "BILL_AMT2",
                "BILL_AMT3",
                "BILL_AMT4",
                "BILL_AMT5",
                "BILL_AMT6",
                "PAY_AMT1",
                "PAY_AMT2",
                "PAY_AMT3",
                "PAY_AMT4",
                "PAY_AMT5",
                "PAY_AMT6"
            ],
            "values": [
                [
                    100000,
                    2,
                    2,
                    1,
                    34,
                    -1,
                    2,
                    -1,
                    -1,
                    0,
                    0,
                    296,
                    148,
                    620,
                    296,
                    148,
                    0,
                    0,
                    620,
                    296,
                    0,
                    0,
                    563
                ]
            ]
        },
        "response": {
            "fields": [
                "prediction",
                "probability"
            ],
            "values": [
                [
                    "Risk",
                    [
                        0.44019204127495126,
                        0.5598079587250487
                    ]
                ]
            ]
        }
    }
]