FreightTypeID,Destination,VehicleType,Capacity,Transporter,FreightCost
1,Phoenix,VehicleType1,17500,Transporter1,45217
2,Phoenix,VehicleType2,17500,Transporter1,45217
3,Los Angeles,VehicleType3,19000,Transporter1,37485
4,Los Angeles,VehicleType1,17500,Transporter1,36677
5,Los Angeles,VehicleType2,17500,Transporter1,36677
6,Los Angeles,VehicleType4,25000,Transporter1,48173
7,Los Angeles,VehicleType5,31000,Transporter1,53648
8,San Antonio,VehicleType1,17500,Transporter1,21459
9,San Antonio,VehicleType2,17500,Transporter1,21459
10,San Antonio,VehicleType4,25000,Transporter1,27918
11,San Antonio,VehicleType5,31000,Transporter1,30656
12,Chicago,VehicleType5,31000,Transporter2,93063
13,Los Angeles,VehicleType3,19000,Transporter3,43684
14,Chicago,VehicleType2,17500,Transporter4,53648
15,Chicago,VehicleType6,21000,Transporter4,68976
16,Chicago,VehicleType7,27500,Transporter4,68976
17,Chicago,VehicleType1,17500,Transporter4,53648
18,Chicago,VehicleType4,25000,Transporter4,77078
19,New York,VehicleType6,21000,Transporter4,63502
20,New York,VehicleType7,27500,Transporter4,65691
21,New York,VehicleType2,17500,Transporter4,43247
22,Chicago,VehicleType2,17500,Transporter5,54453
23,Chicago,VehicleType6,21000,Transporter5,70974
24,Chicago,VehicleType8,25000,Transporter5,89940
25,Los Angeles,VehicleType2,17500,Transporter5,39327
26,Los Angeles,VehicleType4,25000,Transporter5,53754
27,Los Angeles,VehicleType6,21000,Transporter5,61899
28,Los Angeles,VehicleType8,25000,Transporter5,68764
29,Los Angeles,VehicleType1,17500,Transporter5,39327
30,Houston,VehicleType2,17500,Transporter5,87263
31,Houston,VehicleType6,21000,Transporter5,107741
32,Houston,VehicleType8,25000,Transporter5,133803
33,New York,VehicleType2,17500,Transporter5,50614
34,New York,VehicleType6,21000,Transporter5,65856
35,New York,VehicleType8,25000,Transporter5,83773
36,New York,VehicleType3,19000,Transporter5,59340
37,Houston,VehicleType2,17500,Transporter6,98538
38,Chicago,VehicleType2,17500,Transporter7,53100
39,Los Angeles,VehicleType2,17500,Transporter7,35364
40,Houston,VehicleType4,25000,Transporter7,125908
41,New York,VehicleType4,25000,Transporter7,60764
42,Houston,VehicleType2,17500,Transporter8,101822
43,Houston,VehicleType6,21000,Transporter8,135762
44,Chicago,VehicleType2,17500,Transporter8,68976
45,Los Angeles,VehicleType6,21000,Transporter9,59123
46,Houston,VehicleType2,17500,Transporter9,95253
47,Houston,VehicleType6,21000,Transporter9,122624
48,Houston,VehicleType4,25000,Transporter9,141510
49,Chicago,VehicleType2,17500,Transporter10,54246
50,Chicago,VehicleType6,21000,Transporter10,89778
51,Houston,VehicleType2,17500,Transporter10,100726
52,Houston,VehicleType6,21000,Transporter10,139046
53,New York,VehicleType2,17500,Transporter10,50421
54,New York,VehicleType7,27500,Transporter10,98538
55,New York,VehicleType6,21000,Transporter10,84305
56,Houston,VehicleType2,17500,Transporter11,84305
57,New York,VehicleType2,17500,Transporter11,43794
58,Chicago,VehicleType7,27500,Transporter5,102004
59,Chicago,VehicleType3,19000,Transporter5,69139
60,Chicago,VehicleType4,25000,Transporter5,89896
61,Chicago,VehicleType5,31000,Transporter5,101995
62,Los Angeles,VehicleType7,27500,Transporter5,60877
63,Los Angeles,VehicleType3,19000,Transporter5,42860
64,Los Angeles,VehicleType5,31000,Transporter5,65398
65,Houston,VehicleType7,27500,Transporter5,149375
66,Houston,VehicleType3,19000,Transporter5,97617
67,Houston,VehicleType4,25000,Transporter5,135465
68,Houston,VehicleType5,31000,Transporter5,154872
69,New York,VehicleType7,27500,Transporter5,90325
70,New York,VehicleType4,25000,Transporter5,77356
71,New York,VehicleType5,31000,Transporter5,85714
72,Houston,VehicleType8,25000,Transporter12,133803
73,Houston,VehicleType2,17500,Transporter12,84305
