OrderID,Weight,ShipToRefId,Destination,MaterialCategory,CategoryPriority
1,4573.8,Destination1,Houston,Category7,0
2,993.4,Destination1,Houston,Category7,1
3,1586.4,Destination1,Houston,Category7,1
4,4430.6,Destination1,Houston,Category7,0
5,1956.4,Destination1,Houston,Category7,0
6,3471.8,Destination1,Houston,Category7,0
7,766.4,Destination1,Houston,Category7,0
8,3213.8,Destination1,Houston,Category7,0
9,642.4,Destination1,Houston,Category7,1
10,524.4,Destination1,Houston,Category7,1
11,1581.4,Destination1,Houston,Category7,0
12,6154.2,Destination1,Houston,Category7,0
13,2370.8,Destination1,Houston,Category7,0
14,2890.8,Destination1,Houston,Category7,0
15,1470.4,Destination1,Houston,Category7,0
16,2904.8,Destination1,Houston,Category7,0
17,1891.4,Destination1,Houston,Category7,0
18,3267.8,Destination1,Houston,Category7,0
19,2245.4,Destination1,Houston,Category7,0
20,2649.4,Destination1,Houston,Category7,0
21,2330.4,Destination1,Houston,Category7,0
22,4249.8,Destination1,Houston,Category7,0
23,1668.4,Destination1,Houston,Category7,0
24,3455.8,Destination1,Houston,Category7,0
25,1791.4,Destination1,Houston,Category7,0
26,1722.4,Destination1,Houston,Category7,0
27,2220.4,Destination1,Houston,Category7,0
28,2229.4,Destination1,Houston,Category7,0
29,4327.8,Destination1,Houston,Category7,0
30,3693.2,Destination1,Houston,Category7,0
31,2827.8,Destination1,Houston,Category7,0
32,1734.4,Destination1,Houston,Category7,0
33,3690.6,Destination1,Houston,Category7,0
34,2532.4,Destination1,Houston,Category7,0
35,4191.8,Destination1,Houston,Category7,0
36,4381.1,Destination1,Houston,Category7,0
37,1016.4,Destination1,Houston,Category7,0
38,765.4,Destination1,Houston,Category7,0
39,719.4,Destination1,Houston,Category7,0
40,1118.0,Destination1,Houston,Category7,0
41,4250.8,Destination1,Houston,Category7,0
42,10326.0,Destination1,Houston,Category7,0
43,4536.8,Destination1,Houston,Category7,0
44,4782.8,Destination1,Houston,Category7,0
45,10666.0,Destination1,Houston,Category7,0
46,7020.6,Destination1,Houston,Category7,0
47,5652.2,Destination1,Houston,Category7,0
48,5027.8,Destination1,Houston,Category7,0
49,4231.8,Destination1,Houston,Category7,0
50,9148.6,Destination1,Houston,Category7,0
51,11102.0,Destination1,Houston,Category7,0
52,2477.8,Destination1,Houston,Category7,0
53,10807.0,Destination1,Houston,Category7,0
54,7501.2,Destination1,Houston,Category7,0
55,9077.4,Destination1,Houston,Category7,0
56,1886.4,Destination1,Houston,Category7,0
57,3521.8,Destination1,Houston,Category7,0
58,3535.8,Destination1,Houston,Category7,0
59,1691.4,Destination1,Houston,Category7,0
60,1901.4,Destination1,Houston,Category7,0
61,453.4,Destination1,Houston,Category7,1
62,12021.8,Destination1,Houston,Category7,0
63,9211.4,Destination1,Houston,Category7,0
64,7898.4,Destination1,Houston,Category7,0
65,5614.2,Destination1,Houston,Category7,0
66,16959.2,Destination1,Houston,Category7,0
67,9333.0,Destination1,Houston,Category7,0
68,13119.2,Destination1,Houston,Category7,0
69,556.4,Destination1,Houston,Category7,0
70,8273.0,Destination1,Houston,Category7,0
71,5766.2,Destination1,Houston,Category7,0
72,7990.0,Destination1,Houston,Category7,0
73,1360.4,Destination1,Houston,Category7,0
74,5245.2,Destination1,Houston,Category7,0
75,15015.6,Destination1,Houston,Category7,0
76,8270.4,Destination1,Houston,Category7,0
77,4338.2,Destination1,Houston,Category7,0
78,1221.4,Destination1,Houston,Category7,0
79,6264.6,Destination1,Houston,Category7,0
80,3672.0,Destination1,Houston,Category7,0
81,4176.8,Destination1,Houston,Category7,0
82,8816.0,Destination1,Houston,Category7,0
83,894.4,Destination1,Houston,Category7,0
84,6862.2,Destination1,Houston,Category7,0
85,2844.8,Destination1,Houston,Category7,0
86,4462.0,Destination1,Houston,Category7,0
87,6547.2,Destination1,Houston,Category7,0
88,1662.4,Destination1,Houston,Category7,0
89,8889.6,Destination1,Houston,Category7,0
90,6151.2,Destination1,Houston,Category7,0
91,1442.4,Destination1,Houston,Category7,0
92,6240.8,Destination1,Houston,Category7,0
93,4311.0,Destination1,Houston,Category7,0
94,2719.2,Destination1,Houston,Category7,0
95,1670.8,Destination1,Houston,Category7,0
96,6942.6,Destination1,Houston,Category7,0
97,1678.4,Destination1,Houston,Category7,0
98,7902.6,Destination1,Houston,Category7,0
99,4319.0,Destination1,Houston,Category7,0
100,951.4,Destination1,Houston,Category7,0
101,9449.0,Destination1,Houston,Category7,0
102,1492.4,Destination1,Houston,Category7,0
103,11099.4,Destination1,Houston,Category7,0
104,1725.4,Destination1,Houston,Category7,0
105,1747.4,Destination1,Houston,Category7,0
106,3538.8,Destination1,Houston,Category7,0
107,3507.8,Destination1,Houston,Category7,0
108,3829.2,Destination1,Houston,Category7,0
109,2731.8,Destination1,Houston,Category7,0
110,7603.6,Destination1,Houston,Category7,0
111,1068.4,Destination1,Houston,Category7,0
112,1779.4,Destination1,Houston,Category7,0
113,1554.4,Destination1,Houston,Category7,0
114,3259.2,Destination1,Houston,Category7,0
115,3373.6,Destination1,Houston,Category7,0
116,1735.8,Destination1,Houston,Category7,0
117,2663.8,Destination1,Houston,Category7,0
118,1421.4,Destination1,Houston,Category7,0
119,1024.4,Destination1,Houston,Category7,0
120,3243.6,Destination1,Houston,Category7,0
121,1703.8,Destination1,Houston,Category7,0
122,1825.8,Destination1,Houston,Category7,0
123,2655.4,Destination1,Houston,Category7,0
124,3963.0,Destination1,Houston,Category7,0
125,5163.8,Destination1,Houston,Category7,0
126,1841.8,Destination1,Houston,Category7,0
127,3318.6,Destination1,Houston,Category7,0
128,933.4,Destination1,Houston,Category7,0
129,2832.2,Destination1,Houston,Category7,0
130,903.4,Destination1,Houston,Category7,0
131,1217.4,Destination1,Houston,Category7,0
132,896.4,Destination1,Houston,Category7,0
133,1142.4,Destination1,Houston,Category7,0
134,1066.4,Destination1,Houston,Category7,0
135,2297.2,Destination1,Houston,Category7,0
136,507.9,Destination1,Houston,Category7,0
137,2255.8,Destination1,Houston,Category7,0
138,2699.2,Destination1,Houston,Category7,0
139,2443.4,Destination1,Houston,Category7,0
140,757.4,Destination1,Houston,Category7,1
141,1349.4,Destination2,New York,Category7,0
142,383.1,Destination2,New York,Category7,0
143,840.8,Destination2,New York,Category7,0
144,11225.8,Destination2,New York,Category7,0
145,4839.6,Destination2,New York,Category7,0
146,2061.4,Destination2,New York,Category7,0
147,900.0,Destination2,New York,Category7,0
148,1614.4,Destination2,New York,Category7,0
149,1321.4,Destination2,New York,Category7,0
150,1315.8,Destination2,New York,Category7,0
151,549.4,Destination2,New York,Category7,0
152,4483.0,Destination2,New York,Category7,0
153,3317.0,Destination2,New York,Category7,0
154,800.4,Destination2,New York,Category7,0
155,1706.8,Destination2,New York,Category7,0
156,2665.2,Destination2,New York,Category7,0
157,3051.8,Destination2,New York,Category7,0
158,1135.4,Destination2,New York,Category8,0
159,488.4,Destination2,New York,Category7,0
160,693.4,Destination2,New York,Category7,0
161,1264.4,Destination2,New York,Category7,0
162,667.4,Destination2,New York,Category7,0
163,772.0,Destination2,New York,Category7,0
164,1748.0,Destination2,New York,Category7,0
165,1055.0,Destination2,New York,Category7,0
166,1251.0,Destination2,New York,Category7,0
167,605.4,Destination2,New York,Category7,0
168,1858.8,Destination2,New York,Category7,0
169,752.4,Destination2,New York,Category7,0
170,777.0,Destination2,New York,Category7,0
171,1247.0,Destination2,New York,Category7,0
172,1355.0,Destination2,New York,Category7,0
173,1453.0,Destination2,New York,Category7,0
174,864.0,Destination2,New York,Category7,0
175,970.0,Destination2,New York,Category7,0
176,1280.0,Destination2,New York,Category7,0
177,1328.0,Destination2,New York,Category7,0
178,1382.0,Destination2,New York,Category7,0
179,1415.0,Destination2,New York,Category7,0
180,704.0,Destination2,New York,Category7,0
181,7174.2,Destination2,New York,Category8,0
182,1083.0,Destination2,New York,Category8,0
183,2579.6,Destination2,New York,Category8,0
184,2528.0,Destination2,New York,Category7,0
185,3109.8,Destination2,New York,Category7,0
186,1300.0,Destination2,New York,Category7,0
187,854.4,Destination2,New York,Category7,0
188,997.4,Destination2,New York,Category7,0
189,860.4,Destination2,New York,Category7,0
190,840.4,Destination2,New York,Category7,0
191,4953.8,Destination2,New York,Category7,0
192,768.4,Destination2,New York,Category7,0
193,3336.0,Destination2,New York,Category7,0
194,1229.8,Destination2,New York,Category7,0
195,2260.8,Destination2,New York,Category7,0
196,1062.4,Destination2,New York,Category7,0
197,717.4,Destination2,New York,Category7,0
198,1094.0,Destination2,New York,Category7,0
199,1145.0,Destination2,New York,Category7,0
200,746.0,Destination2,New York,Category7,0
201,1246.8,Destination2,New York,Category7,0
202,2136.8,Destination2,New York,Category7,0
203,699.4,Destination2,New York,Category7,0
204,876.4,Destination2,New York,Category7,0
205,754.4,Destination2,New York,Category7,0
206,1609.8,Destination2,New York,Category7,0
207,8071.2,Destination2,New York,Category7,0
208,682.0,Destination2,New York,Category7,0
209,645.0,Destination2,New York,Category7,0
210,7125.0,Destination2,New York,Category7,0
211,2907.0,Destination2,New York,Category7,0
212,2082.0,Destination2,New York,Category7,0
213,2888.2,Destination2,New York,Category7,0
214,6709.0,Destination2,New York,Category7,0
215,3883.6,Destination2,New York,Category7,0
216,1287.4,Destination2,New York,Category7,0
217,4242.2,Destination2,New York,Category7,0
218,1279.4,Destination2,New York,Category7,0
219,7499.4,Destination2,New York,Category7,0
220,1595.4,Destination2,New York,Category7,0
221,4176.2,Destination2,New York,Category7,0
222,8249.0,Destination2,New York,Category7,0
223,4688.6,Destination2,New York,Category7,0
224,5058.4,Destination2,New York,Category7,0
225,3303.2,Destination2,New York,Category7,0
226,5154.6,Destination2,New York,Category7,0
227,5189.0,Destination2,New York,Category7,0
228,2042.8,Destination2,New York,Category7,0
229,1893.8,Destination2,New York,Category7,0
230,1060.8,Destination2,New York,Category7,0
231,5072.2,Destination2,New York,Category7,0
232,4768.2,Destination2,New York,Category7,0
233,1714.4,Destination2,New York,Category7,0
234,775.4,Destination2,New York,Category7,0
235,2913.0,Destination2,New York,Category7,0
236,5049.0,Destination2,New York,Category7,0
237,918.0,Destination2,New York,Category7,0
238,866.0,Destination2,New York,Category7,0
239,12244.0,Destination2,New York,Category7,0
240,2643.0,Destination2,New York,Category7,0
241,774.4,Destination2,New York,Category7,0
242,656.4,Destination2,New York,Category7,0
243,1318.0,Destination2,New York,Category7,0
244,694.4,Destination2,New York,Category7,0
245,872.4,Destination2,New York,Category7,0
246,715.4,Destination2,New York,Category7,0
247,1066.4,Destination2,New York,Category7,0
248,1353.8,Destination2,New York,Category7,0
249,706.4,Destination2,New York,Category7,0
250,6743.0,Destination2,New York,Category7,0
251,2798.8,Destination2,New York,Category7,0
252,3373.8,Destination2,New York,Category7,0
253,1590.8,Destination2,New York,Category7,0
254,2025.4,Destination2,New York,Category7,0
255,1813.4,Destination2,New York,Category7,0
256,1908.8,Destination2,New York,Category7,0
257,11547.2,Destination2,New York,Category7,0
258,4424.2,Destination2,New York,Category7,0
259,3357.2,Destination2,New York,Category7,0
260,4416.6,Destination2,New York,Category7,0
261,3044.2,Destination2,New York,Category7,0
262,4921.0,Destination2,New York,Category7,0
263,6878.6,Destination2,New York,Category7,1
264,3132.8,Destination2,New York,Category7,1
265,4777.0,Destination2,New York,Category7,1
266,2635.4,Destination2,New York,Category7,0
267,2335.4,Destination2,New York,Category7,0
268,1271.4,Destination2,New York,Category7,0
269,1391.4,Destination2,New York,Category7,0
270,1937.4,Destination2,New York,Category7,0
271,960.4,Destination2,New York,Category7,0
272,1673.4,Destination2,New York,Category7,0
273,882.4,Destination2,New York,Category7,0
274,680.0,Destination2,New York,Category7,0
275,1086.4,Destination2,New York,Category7,0
276,922.4,Destination2,New York,Category7,0
277,1320.4,Destination2,New York,Category7,0
278,2656.8,Destination2,New York,Category7,0
279,1558.0,Destination2,New York,Category7,0
280,2740.0,Destination2,New York,Category7,0
281,1672.0,Destination2,New York,Category7,0
282,4319.0,Destination2,New York,Category7,0
283,2698.8,Destination2,New York,Category7,0
284,2008.8,Destination2,New York,Category7,0
285,4056.0,Destination2,New York,Category7,0
286,2714.8,Destination2,New York,Category7,0
287,2664.8,Destination2,New York,Category7,0
288,1895.4,Destination2,New York,Category7,0
289,3844.4,Destination2,New York,Category7,0
290,2873.2,Destination2,New York,Category7,0
291,698.4,Destination2,New York,Category7,0
292,3908.0,Destination2,New York,Category7,0
293,3188.0,Destination2,New York,Category7,0
294,5528.0,Destination2,New York,Category7,0
295,6082.2,Destination2,New York,Category7,0
296,1613.4,Destination2,New York,Category7,0
297,2650.0,Destination2,New York,Category7,0
298,1281.0,Destination2,New York,Category7,0
299,2858.8,Destination2,New York,Category7,0
300,1192.0,Destination2,New York,Category7,0
301,2194.6,Destination2,New York,Category7,0
302,1404.0,Destination2,New York,Category7,0
303,724.0,Destination2,New York,Category7,0
304,724.0,Destination2,New York,Category7,0
305,1405.0,Destination2,New York,Category7,0
306,816.0,Destination2,New York,Category7,0
307,687.0,Destination2,New York,Category7,0
308,1127.0,Destination2,New York,Category7,0
309,739.4,Destination2,New York,Category7,0
310,2407.0,Destination2,New York,Category7,0
311,5280.0,Destination2,New York,Category7,0
312,12009.1,Destination2,New York,Category7,0
313,2430.8,Destination2,New York,Category7,0
314,1436.8,Destination2,New York,Category7,0
315,1614.4,Destination2,New York,Category7,0
316,824.0,Destination2,New York,Category7,0
317,4256.2,Destination2,New York,Category7,0
318,1166.2,Destination2,New York,Category7,0
319,1376.8,Destination2,New York,Category7,0
320,2182.2,Destination2,New York,Category7,0
321,4795.4,Destination2,New York,Category7,0
322,920.4,Destination2,New York,Category7,0
323,3223.1,Destination2,New York,Category7,0
324,1350.4,Destination2,New York,Category8,0
325,1618.8,Destination2,New York,Category7,0
326,1853.8,Destination2,New York,Category7,0
327,7061.0,Destination2,New York,Category7,0
328,940.2,Destination2,New York,Category8,0
329,1613.4,Destination2,New York,Category7,0
330,1553.4,Destination2,New York,Category7,0
331,2569.6,Destination2,New York,Category7,0
332,3045.2,Destination2,New York,Category7,0
333,846.0,Destination2,New York,Category7,0
334,730.0,Destination2,New York,Category7,0
335,833.0,Destination2,New York,Category7,0
336,1389.0,Destination2,New York,Category7,0
337,705.0,Destination2,New York,Category7,0
338,866.0,Destination2,New York,Category7,0
339,721.0,Destination2,New York,Category7,0
340,737.0,Destination2,New York,Category7,0
341,1290.4,Destination3,Chicago,Category7,0
342,1154.4,Destination3,Chicago,Category7,1
343,713.4,Destination3,Chicago,Category7,0
344,650.4,Destination3,Chicago,Category7,0
345,1445.0,Destination3,Chicago,Category7,0
346,2399.4,Destination3,Chicago,Category7,0
347,1421.4,Destination3,Chicago,Category7,0
348,1291.4,Destination3,Chicago,Category7,0
349,2425.4,Destination3,Chicago,Category7,0
350,573.4,Destination3,Chicago,Category7,0
351,529.0,Destination3,Chicago,Category7,0
352,729.4,Destination3,Chicago,Category7,0
353,1058.0,Destination3,Chicago,Category7,0
354,685.4,Destination3,Chicago,Category7,0
355,2441.6,Destination3,Chicago,Category7,0
356,1023.4,Destination4,Chicago,Category7,0
357,1398.4,Destination4,Chicago,Category7,1
358,1490.4,Destination4,Chicago,Category7,1
359,1176.4,Destination4,Chicago,Category7,0
360,1136.4,Destination4,Chicago,Category7,0
361,1093.4,Destination4,Chicago,Category7,0
362,827.4,Destination4,Chicago,Category7,0
363,1668.8,Destination4,Chicago,Category7,0
364,1046.4,Destination4,Chicago,Category7,0
365,1495.4,Destination4,Chicago,Category7,0
366,2986.8,Destination4,Chicago,Category7,0
367,3294.6,Destination4,Chicago,Category7,0
368,4502.0,Destination5,Phoenix,Category7,0
369,10864.2,Destination5,Phoenix,Category7,0
370,4066.2,Destination5,Phoenix,Category7,0
371,3450.0,Destination5,Phoenix,Category7,0
372,1129.0,Destination5,Phoenix,Category7,0
373,4668.0,Destination5,Phoenix,Category7,0
374,2999.0,Destination5,Phoenix,Category7,0
375,1086.0,Destination5,Phoenix,Category7,0
376,1090.0,Destination5,Phoenix,Category7,0
377,6841.0,Destination5,Phoenix,Category7,0
378,1751.0,Destination5,Phoenix,Category7,0
379,1106.0,Destination5,Phoenix,Category7,0
380,1326.0,Destination5,Phoenix,Category7,0
381,1146.4,Destination5,Phoenix,Category7,0
382,1515.0,Destination5,Phoenix,Category7,0
383,1180.0,Destination5,Phoenix,Category7,0
384,1842.0,Destination5,Phoenix,Category7,0
385,1379.0,Destination6,Phoenix,Category7,0
386,3528.0,Destination6,Phoenix,Category7,0
387,4039.0,Destination6,Phoenix,Category7,0
388,1822.0,Destination6,Phoenix,Category7,0
389,3350.0,Destination6,Phoenix,Category7,0
390,4830.0,Destination6,Phoenix,Category7,0
391,1721.4,Destination7,San Antonio,Category9,0
392,248.1,Destination7,San Antonio,Category9,0
393,1864.8,Destination7,San Antonio,Category9,0
394,4953.9,Destination8,Los Angeles,Category9,1
395,1432.1,Destination9,Los Angeles,Category9,0
396,754.0,Destination9,Los Angeles,Category9,0
397,1063.5,Destination9,Los Angeles,Category9,0
398,1080.2,Destination9,Los Angeles,Category9,0
399,505.3,Destination10,Los Angeles,Category9,1
400,2952.7,Destination10,Los Angeles,Category9,1
401,575.0,Destination10,Los Angeles,Category9,1
402,3572.8,Destination10,Los Angeles,Category9,1
403,8446.6,Destination10,Los Angeles,Category9,0
404,6701.1,Destination10,Los Angeles,Category9,0
405,3047.5,Destination10,Los Angeles,Category11,0
406,10906.0,Destination10,Los Angeles,Category11,0
407,15200.0,Destination10,Los Angeles,Category11,0
408,11811.6,Destination10,Los Angeles,Category11,0
409,8092.0,Destination10,Los Angeles,Category11,0
410,439.2,Destination11,Los Angeles,Category9,1
411,1833.2,Destination11,Los Angeles,Category9,0
412,581.7,Destination11,Los Angeles,Category9,1
413,1762.4,Destination11,Los Angeles,Category9,0
414,1233.9,Destination11,Los Angeles,Category9,0
415,396.6,Destination11,Los Angeles,Category9,1
416,6251.2,Destination11,Los Angeles,Category9,1
417,420.0,Destination11,Los Angeles,Category9,0
418,2454.6,Destination11,Los Angeles,Category9,0
419,222.1,Destination11,Los Angeles,Category9,1
420,396.6,Destination11,Los Angeles,Category9,1
421,663.6,Destination11,Los Angeles,Category9,1
422,1990.8,Destination11,Los Angeles,Category9,0
423,2038.7,Destination11,Los Angeles,Category9,0
424,5567.9,Destination11,Los Angeles,Category9,0
425,4201.2,Destination11,Los Angeles,Category9,0
426,4354.0,Destination11,Los Angeles,Category9,0
427,6304.2,Destination11,Los Angeles,Category9,0
428,5640.6,Destination11,Los Angeles,Category9,0
429,8500.0,Destination11,Los Angeles,Category9,0
430,6220.0,Destination11,Los Angeles,Category9,0
431,659.0,Destination11,Los Angeles,Category9,1
432,5606.4,Destination11,Los Angeles,Category9,0
433,359.4,Destination11,Los Angeles,Category9,1
434,4403.0,Destination11,Los Angeles,Category9,0
435,318.8,Destination11,Los Angeles,Category9,1
436,324.6,Destination11,Los Angeles,Category9,1
437,332.9,Destination11,Los Angeles,Category9,1
438,432.8,Destination11,Los Angeles,Category9,1
439,3009.8,Destination11,Los Angeles,Category9,0
440,4846.6,Destination11,Los Angeles,Category9,0
441,2643.6,Destination11,Los Angeles,Category9,0
442,881.2,Destination11,Los Angeles,Category9,1
443,1179.5,Destination11,Los Angeles,Category9,1
444,8000.0,Destination10,Los Angeles,Category12,0
445,7695.4,Destination10,Los Angeles,Category12,0
446,9000.0,Destination10,Los Angeles,Category12,0
447,7708.2,Destination10,Los Angeles,Category12,1
448,1721.4,Destination7,San Antonio,Category9,1
449,496.2,Destination7,San Antonio,Category9,1
450,243.1,Destination7,San Antonio,Category9,1
451,7077.0,Destination8,Los Angeles,Category9,0
452,1432.1,Destination9,Los Angeles,Category9,0
453,754.0,Destination9,Los Angeles,Category9,0
454,1063.5,Destination9,Los Angeles,Category9,0
455,1080.2,Destination9,Los Angeles,Category9,0
456,505.3,Destination10,Los Angeles,Category9,0
457,2952.7,Destination10,Los Angeles,Category9,0
458,575.0,Destination10,Los Angeles,Category9,0
459,3572.8,Destination10,Los Angeles,Category9,0
460,1317.6,Destination11,Los Angeles,Category9,1
461,2185.0,Destination11,Los Angeles,Category9,1
462,439.2,Destination11,Los Angeles,Category9,1
463,381.9,Destination11,Los Angeles,Category9,1
464,2410.8,Destination11,Los Angeles,Category9,1
465,1007.0,Destination11,Los Angeles,Category9,1
466,557.7,Destination11,Los Angeles,Category9,1
467,432.6,Destination11,Los Angeles,Category9,1
468,2695.8,Destination11,Los Angeles,Category9,1
469,411.3,Destination11,Los Angeles,Category9,1
470,581.7,Destination11,Los Angeles,Category9,1
471,881.2,Destination11,Los Angeles,Category9,1
472,396.6,Destination11,Los Angeles,Category9,1
473,420.0,Destination11,Los Angeles,Category9,1
474,2454.6,Destination11,Los Angeles,Category9,1
475,881.2,Destination11,Los Angeles,Category9,1
476,503.7,Destination11,Los Angeles,Category9,1
477,1344.3,Destination11,Los Angeles,Category9,1
478,1017.9,Destination11,Los Angeles,Category9,1
479,432.6,Destination11,Los Angeles,Category9,1
480,1802.5,Destination11,Los Angeles,Category9,1
481,526.2,Destination11,Los Angeles,Category9,0
482,396.6,Destination11,Los Angeles,Category9,0
483,5949.0,Destination11,Los Angeles,Category9,0
484,663.6,Destination11,Los Angeles,Category9,0
485,995.4,Destination11,Los Angeles,Category9,0
486,2038.7,Destination11,Los Angeles,Category9,0
487,1269.0,Destination11,Los Angeles,Category9,0
488,329.5,Destination11,Los Angeles,Category9,0
489,4672.0,Destination11,Los Angeles,Category9,0
490,359.4,Destination11,Los Angeles,Category9,0
491,334.4,Destination11,Los Angeles,Category9,0
492,3082.1,Destination11,Los Angeles,Category9,0
493,3725.7,Destination11,Los Angeles,Category9,0
494,318.8,Destination11,Los Angeles,Category9,0
495,663.6,Destination11,Los Angeles,Category9,0
496,995.4,Destination11,Los Angeles,Category9,0
497,2038.7,Destination11,Los Angeles,Category9,0
498,2949.0,Destination11,Los Angeles,Category9,0
499,324.6,Destination11,Los Angeles,Category9,0
500,6990.9,Destination11,Los Angeles,Category9,0
501,4760.8,Destination11,Los Angeles,Category9,0
502,1833.2,Destination11,Los Angeles,Category9,0
503,1179.5,Destination11,Los Angeles,Category9,0
504,3145.1,Destination11,Los Angeles,Category9,0
505,1997.4,Destination11,Los Angeles,Category9,0
506,6924.8,Destination11,Los Angeles,Category9,0
507,3110.4,Destination11,Los Angeles,Category9,0
508,6290.2,Destination11,Los Angeles,Category9,0
509,7083.2,Destination10,Los Angeles,Category12,1
510,12000.0,Destination10,Los Angeles,Category12,0
511,15000.0,Destination10,Los Angeles,Category12,0
512,13000.0,Destination10,Los Angeles,Category12,0
513,10000.0,Destination10,Los Angeles,Category12,0
