{"metadata":{"asset_id":"e9b59da7-1ac0-401e-8c2a-4864e1875195","asset_type":"connection","creator_id":"1000331014"},"entity":{"datasource_type":"193a97c1-4475-4a19-b90c-295c4fdc6517","description":"MLOpsCOS COnnection","name":"MLOps COS","origin_country":"us","properties":{"bucket":"mlops-cpd-onprem","iam_url":"https://iam.cloud.ibm.com/identity/token","api_key":"W7libKUAsvOKR9sQaYBzpQiReuiVp4Vm9JWqugRsW6Rq","resource_instance_id":"crn:v1:bluemix:public:cloud-object-storage:global:a/694a501fd56b4f6b9aa747128ab5267b:5e28c0cc-7d72-49b7-be0b-4e0606310e4e::","url":"https://s3.jp-tok.cloud-object-storage.appdomain.cloud"}}}