{"metadata":{"asset_id":"93c9ffd7-914b-425c-8db7-b7b34d10aaf3","asset_attributes":["environment"],"name":"openscale","asset_type":"environment","created_at":"2023-06-07T03:16:27Z","description":"","origin_country":"us","owner_id":"1000331014","project_id":"ffe6cf1e-7730-4e97-89c3-9779edff6278","sandbox_id":"ffe6cf1e-7730-4e97-89c3-9779edff6278","size":0,"tags":["dsx"],"usage":{"last_update_time":1686107788116,"last_updated_at":"2023-06-07T03:16:28Z"}},"entity":{"environment":{"sub_type":"jupyterlab","display_name":"openscale","hardware_specification":{"type":"referenced","guid":"20568a24-56c6-49ae-96d6-eef7e7f0b732"},"software_specification":{"type":"referenced","guid":"c3e73dae-dbe5-432d-a732-1cbe8b6415f0"},"tools_specification":{"supported_kernels":[{"name":"python3","display_name":"Python 3.10","language":"python","version":"3.10"}],"notebook_extensions":[]},"runtime_definition":"jupyter-222l-py"}}}