{"metadata":{"asset_id":"d0236bf2-0488-4d66-a7ef-0e84a4617cee","asset_attributes":["environment"],"name":"Custom_Python","asset_type":"environment","created_at":"2023-06-07T03:36:37Z","description":"","origin_country":"us","owner_id":"1000331014","project_id":"ffe6cf1e-7730-4e97-89c3-9779edff6278","sandbox_id":"ffe6cf1e-7730-4e97-89c3-9779edff6278","size":0,"tags":["dsx"],"usage":{"last_update_time":1686113012426,"last_updated_at":"2023-06-07T04:43:32Z"}},"entity":{"environment":{"sub_type":"notebook","display_name":"Custom_Python","hardware_specification":{"type":"referenced","guid":"07bbe2da-28d9-4795-a9a6-5b74e39e0ddc"},"software_specification":{"type":"referenced","guid":"6f46a028-f4eb-4656-b8a5-22b8cbc451de"},"tools_specification":{"supported_kernels":[{"name":"python3","display_name":"Python 3.10","language":"python","version":"3.10"}],"notebook_extensions":[]},"runtime_definition":"jupyter-222n-py"}}}