{"metadata":{"asset_id":"07bbe2da-28d9-4795-a9a6-5b74e39e0ddc","asset_attributes":["hardware_specification"],"name":"Custom_Python","asset_type":"hardware_specification","created_at":"2023-06-07T03:36:36Z","description":"","origin_country":"us","owner_id":"1000331014","project_id":"ffe6cf1e-7730-4e97-89c3-9779edff6278","sandbox_id":"ffe6cf1e-7730-4e97-89c3-9779edff6278","size":0,"tags":["dsx"],"usage":{"last_update_time":1686108996622,"last_updated_at":"2023-06-07T03:36:36Z"}},"entity":{"hardware_specification":{"nodes":{"cpu":{"units":"4","model":""},"mem":{"size":"16Gi"}}}}}