{"metadata":{"asset_id":"20568a24-56c6-49ae-96d6-eef7e7f0b732","asset_attributes":["hardware_specification"],"name":"openscale","asset_type":"hardware_specification","created_at":"2023-06-07T03:16:25Z","description":"","origin_country":"us","owner_id":"1000331014","project_id":"ffe6cf1e-7730-4e97-89c3-9779edff6278","sandbox_id":"ffe6cf1e-7730-4e97-89c3-9779edff6278","size":0,"tags":["dsx"],"usage":{"last_update_time":1686107785456,"last_updated_at":"2023-06-07T03:16:25Z"}},"entity":{"hardware_specification":{"nodes":{"cpu":{"units":"4","model":""},"mem":{"size":"16Gi"}}}}}