{"metadata":{"asset_id":"b9ec038e-7f3b-49b5-a15f-1e29d9253db2","asset_attributes":["job"],"name":"connect_and_validate_data_job","asset_type":"job","created_at":"2023-06-20T02:21:04Z","origin_country":"us","owner_id":"1000331014","project_id":"ffe6cf1e-7730-4e97-89c3-9779edff6278","size":0,"usage":{"last_update_time":1687227664441,"last_updated_at":"2023-06-20T02:21:04Z"}},"entity":{"job":{"asset_ref_type":"notebook","configuration":{"env_id":"d0236bf2-0488-4d66-a7ef-0e84a4617cee","file_ref":"","entrypoint":"","run_results":"log_and_new_notebook","env_type":"notebook","env_variables":[]},"last_run_initiator":"deprecated field","last_run_time":"deprecated field","last_run_status":"deprecated field","last_run_status_timestamp":0,"future_scheduled_runs":[],"enable_notifications":true,"retention_policy":{"amount":5},"project_name":"MLOps_CP4D","asset_ref":"4484c871-2803-424f-982f-98b8307f901f","schedule_id":"","schedule_creator_id":""}}}