{"metadata":{"asset_id":"58d25972-2e8f-4ad3-aa2f-b3ab5d125590","asset_attributes":["job"],"name":"Dev_Job","asset_type":"job","created_at":"2023-06-20T09:01:06Z","description":"","origin_country":"us","owner_id":"1000331014","project_id":"ffe6cf1e-7730-4e97-89c3-9779edff6278","size":0,"usage":{"last_update_time":1687251666290,"last_updated_at":"2023-06-20T09:01:06Z"}},"entity":{"job":{"asset_ref_type":"orchestration_flow","configuration":{"version":"eb4e6846-bbbc-4e24-a575-5c51274eb294-0","env_type":"","env_variables":[]},"last_run_initiator":"deprecated field","last_run_time":"deprecated field","last_run_status":"deprecated field","last_run_status_timestamp":0,"future_scheduled_runs":[],"enable_notifications":true,"project_name":"MLOps_CP4D","asset_ref":"eb4e6846-bbbc-4e24-a575-5c51274eb294","job_parameters":[{"name":"cloud_api_key","value":"5TSOBC7Jk1vMFZJI6urRqyD3DEw3Lb40cnmIomil"}],"schedule_id":"","schedule_creator_id":""}}}