{"metadata":{"asset_id":"1b310175-7d6a-40ab-890e-d40a9afa9b3b","asset_attributes":["job"],"name":"train_models","asset_type":"job","created_at":"2023-06-20T08:05:01Z","origin_country":"us","owner_id":"1000331014","project_id":"ffe6cf1e-7730-4e97-89c3-9779edff6278","size":0,"usage":{"last_update_time":1687248301242,"last_updated_at":"2023-06-20T08:05:01Z"}},"entity":{"job":{"asset_ref_type":"notebook","configuration":{"env_id":"d0236bf2-0488-4d66-a7ef-0e84a4617cee","file_ref":"","entrypoint":"","run_results":"log_and_new_notebook","env_type":"notebook","env_variables":[]},"last_run_initiator":"deprecated field","last_run_time":"deprecated field","last_run_status":"deprecated field","last_run_status_timestamp":0,"future_scheduled_runs":[],"enable_notifications":true,"retention_policy":{"amount":5},"project_name":"MLOps_CP4D","asset_ref":"19055baa-b4b6-4813-bf4b-e7e229bb091e","schedule_id":"","schedule_creator_id":""}}}