{"metadata":{"asset_id":"ae92d018-504b-44ee-a178-408a608ee821","asset_attributes":["job"],"name":"data_preparation","asset_type":"job","created_at":"2023-06-20T04:03:29Z","origin_country":"us","owner_id":"1000331014","project_id":"ffe6cf1e-7730-4e97-89c3-9779edff6278","size":0,"usage":{"last_update_time":1687233809445,"last_updated_at":"2023-06-20T04:03:29Z"}},"entity":{"job":{"asset_ref_type":"notebook","configuration":{"env_id":"d0236bf2-0488-4d66-a7ef-0e84a4617cee","file_ref":"","entrypoint":"","run_results":"log_and_new_notebook","env_type":"notebook","env_variables":[]},"last_run_initiator":"deprecated field","last_run_time":"deprecated field","last_run_status":"deprecated field","last_run_status_timestamp":0,"future_scheduled_runs":[],"enable_notifications":true,"retention_policy":{"amount":5},"project_name":"MLOps_CP4D","asset_ref":"49b7ce81-9e6a-45f8-850b-9c6ea5a665fe","schedule_id":"","schedule_creator_id":""}}}