{"metadata":{"asset_id":"6df4b171-634f-4eb6-9fc8-b34e458c6de4","asset_attributes":["notebook"],"name":"Checks_for_Model_Production","asset_type":"notebook","created_at":"2023-06-07T03:16:28Z","description":"","origin_country":"us","owner_id":"1000331014","project_id":"ffe6cf1e-7730-4e97-89c3-9779edff6278","size":4546,"tags":["notebook"],"usage":{"last_update_time":1686107790387,"last_updated_at":"2023-06-07T03:16:30Z"}},"entity":{"notebook":{"kernel":{"name":"python3","language":"python"},"originates_from":{"type":"file"},"runtime":{"environment":"jupconda221-ffe6cf1e-7730-4e97-89c3-9779edff6278"}}},"attachments":[{"id":"68fb2544-7281-420b-865a-60435852e50a","version":2,"asset_type":"notebook","name":"attachment for notebook 6df4b171-634f-4eb6-9fc8-b34e458c6de4","description":"attachment for notebook 6df4b171-634f-4eb6-9fc8-b34e458c6de4","mime":"application/json","datasource_type":"81bafdbd-b7c6-45c5-a4fd-6ec135f66f4e","object_key":"jupyterlab/Checks_for_Model_Production.ipynb","creator_id":"1000331014","create_time":1686107789264,"size":4546,"is_remote":false,"is_managed":false,"is_referenced":true,"is_object_key_read_only":false,"is_user_provided_path_key":true,"transfer_complete":true,"is_partitioned":false,"complete_time_ticks":1686107789264,"user_data":{},"test_doc":0,"handle":{"type":"assetfiles","key":"jupyterlab/Checks_for_Model_Production.ipynb","upload_id":"done","max_part_num":1},"usage":{"access_count":0,"last_accessor_id":"1000331014","last_access_time":1686107789264}}]}