{"metadata":{"asset_id":"19055baa-b4b6-4813-bf4b-e7e229bb091e","asset_attributes":["notebook"],"name":"train_models","asset_type":"notebook","created_at":"2023-06-07T03:16:28Z","description":"","origin_country":"us","owner_id":"1000331014","project_id":"ffe6cf1e-7730-4e97-89c3-9779edff6278","size":168540,"tags":["notebook"],"usage":{"last_update_time":1687253830960,"last_updated_at":"2023-06-20T09:37:10Z"}},"entity":{"notebook":{"kernel":{"name":"python3","display_name":"Python 3.10","language":"python"},"originates_from":{"type":"file"},"runtime":{"environment":"d0236bf2-0488-4d66-a7ef-0e84a4617cee"}}},"attachments":[{"id":"2044741a-5cf6-4413-a5ad-d65d8243d31b","version":2,"asset_type":"notebook","name":"attachment for notebook 19055baa-b4b6-4813-bf4b-e7e229bb091e","description":"attachment for notebook 19055baa-b4b6-4813-bf4b-e7e229bb091e","mime":"application/json","datasource_type":"81bafdbd-b7c6-45c5-a4fd-6ec135f66f4e","object_key":"jupyterlab/train_models.ipynb","creator_id":"1000331014","create_time":1686107789118,"size":168540,"is_remote":false,"is_managed":false,"is_referenced":true,"is_object_key_read_only":false,"is_user_provided_path_key":true,"transfer_complete":true,"is_partitioned":false,"complete_time_ticks":1686107789118,"user_data":{},"test_doc":0,"handle":{"type":"assetfiles","key":"jupyterlab/train_models.ipynb","upload_id":"done","max_part_num":1},"usage":{"access_count":68,"last_accessor_id":"1000331014","last_access_time":1687253828008,"last_updater_id":"1000331014","last_update_time":1687253828008}}]}