{"metadata":{"asset_id":"6c4b4cca-42ab-4e6b-9d6d-9b702f2512b2","asset_attributes":["notebook"],"name":"ML_CI_Test","asset_type":"notebook","created_at":"2023-06-07T03:16:28Z","description":"","origin_country":"us","owner_id":"1000331014","project_id":"ffe6cf1e-7730-4e97-89c3-9779edff6278","size":4446,"tags":["notebook"],"usage":{"last_update_time":1686107790325,"last_updated_at":"2023-06-07T03:16:30Z"}},"entity":{"notebook":{"kernel":{"name":"python3","language":"python"},"originates_from":{"type":"file"},"runtime":{"environment":"jupconda221-ffe6cf1e-7730-4e97-89c3-9779edff6278"}}},"attachments":[{"id":"461cf237-2a90-4330-8795-83f0cd6772fa","version":2,"asset_type":"notebook","name":"attachment for notebook 6c4b4cca-42ab-4e6b-9d6d-9b702f2512b2","description":"attachment for notebook 6c4b4cca-42ab-4e6b-9d6d-9b702f2512b2","mime":"application/json","datasource_type":"81bafdbd-b7c6-45c5-a4fd-6ec135f66f4e","object_key":"jupyterlab/ML_CI_Test.ipynb","creator_id":"1000331014","create_time":1686107789130,"size":4446,"is_remote":false,"is_managed":false,"is_referenced":true,"is_object_key_read_only":false,"is_user_provided_path_key":true,"transfer_complete":true,"is_partitioned":false,"complete_time_ticks":1686107789130,"user_data":{},"test_doc":0,"handle":{"type":"assetfiles","key":"jupyterlab/ML_CI_Test.ipynb","upload_id":"done","max_part_num":1},"usage":{"access_count":0,"last_accessor_id":"1000331014","last_access_time":1686107789130}}]}