{"metadata":{"asset_id":"49b7ce81-9e6a-45f8-850b-9c6ea5a665fe","asset_attributes":["notebook"],"name":"data_preparation","asset_type":"notebook","created_at":"2023-06-07T03:16:28Z","description":"","origin_country":"us","owner_id":"1000331014","project_id":"ffe6cf1e-7730-4e97-89c3-9779edff6278","size":102425,"tags":["notebook"],"usage":{"last_update_time":1687233790707,"last_updated_at":"2023-06-20T04:03:10Z"}},"entity":{"notebook":{"kernel":{"name":"python3","display_name":"Python 3.10","language":"python"},"originates_from":{"type":"file"},"runtime":{"environment":"d0236bf2-0488-4d66-a7ef-0e84a4617cee"}}},"attachments":[{"id":"5fe8a008-0cb3-4456-a4eb-5b4029f72a27","version":2,"asset_type":"notebook","name":"attachment for notebook 49b7ce81-9e6a-45f8-850b-9c6ea5a665fe","description":"attachment for notebook 49b7ce81-9e6a-45f8-850b-9c6ea5a665fe","mime":"application/json","datasource_type":"81bafdbd-b7c6-45c5-a4fd-6ec135f66f4e","object_key":"jupyterlab/data_preparation.ipynb","creator_id":"1000331014","create_time":1686107789360,"size":102425,"is_remote":false,"is_managed":false,"is_referenced":true,"is_object_key_read_only":false,"is_user_provided_path_key":true,"transfer_complete":true,"is_partitioned":false,"complete_time_ticks":1686107789360,"user_data":{},"test_doc":0,"handle":{"type":"assetfiles","key":"jupyterlab/data_preparation.ipynb","upload_id":"done","max_part_num":1},"usage":{"access_count":1,"last_accessor_id":"1000331014","last_access_time":1687233786084,"last_updater_id":"1000331014","last_update_time":1687233786084}}]}