{"metadata":{"asset_id":"d13b80a0-4bc0-48ab-a88e-a5ab0ed56522","asset_attributes":["notebook"],"name":"retrain","asset_type":"notebook","created_at":"2023-06-07T03:16:28Z","description":"","origin_country":"us","owner_id":"1000331014","project_id":"ffe6cf1e-7730-4e97-89c3-9779edff6278","size":12622,"tags":["notebook"],"usage":{"last_update_time":1686107790551,"last_updated_at":"2023-06-07T03:16:30Z"}},"entity":{"notebook":{"kernel":{"name":"python3","language":"python"},"originates_from":{"type":"file"},"runtime":{"environment":"jupconda221-ffe6cf1e-7730-4e97-89c3-9779edff6278"}}},"attachments":[{"id":"a636f8ce-827c-42aa-aea8-7308df0d3d2b","version":2,"asset_type":"notebook","name":"attachment for notebook d13b80a0-4bc0-48ab-a88e-a5ab0ed56522","description":"attachment for notebook d13b80a0-4bc0-48ab-a88e-a5ab0ed56522","mime":"application/json","datasource_type":"81bafdbd-b7c6-45c5-a4fd-6ec135f66f4e","object_key":"jupyterlab/retrain.ipynb","creator_id":"1000331014","create_time":1686107789364,"size":12622,"is_remote":false,"is_managed":false,"is_referenced":true,"is_object_key_read_only":false,"is_user_provided_path_key":true,"transfer_complete":true,"is_partitioned":false,"complete_time_ticks":1686107789364,"user_data":{},"test_doc":0,"handle":{"type":"assetfiles","key":"jupyterlab/retrain.ipynb","upload_id":"done","max_part_num":1},"usage":{"access_count":0,"last_accessor_id":"1000331014","last_access_time":1686107789364}}]}