{"metadata":{"asset_id":"4484c871-2803-424f-982f-98b8307f901f","asset_attributes":["notebook"],"name":"connect_and_validate_data","asset_type":"notebook","created_at":"2023-06-07T03:16:28Z","description":"","origin_country":"us","owner_id":"1000331014","project_id":"ffe6cf1e-7730-4e97-89c3-9779edff6278","size":42773,"tags":["notebook"],"usage":{"last_update_time":1687233427450,"last_updated_at":"2023-06-20T03:57:07Z"}},"entity":{"notebook":{"kernel":{"name":"python3","display_name":"Python 3.10","language":"python"},"originates_from":{"type":"file"},"runtime":{"environment":"d0236bf2-0488-4d66-a7ef-0e84a4617cee"}}},"attachments":[{"id":"d6cea084-9fa6-41ec-b5b8-1b9649d257f2","version":2,"asset_type":"notebook","name":"attachment for notebook 4484c871-2803-424f-982f-98b8307f901f","description":"attachment for notebook 4484c871-2803-424f-982f-98b8307f901f","mime":"application/json","datasource_type":"81bafdbd-b7c6-45c5-a4fd-6ec135f66f4e","object_key":"jupyterlab/connect_and_validate_data.ipynb","creator_id":"1000331014","create_time":1686107789131,"size":42773,"is_remote":false,"is_managed":false,"is_referenced":true,"is_object_key_read_only":false,"is_user_provided_path_key":true,"transfer_complete":true,"is_partitioned":false,"complete_time_ticks":1686107789131,"user_data":{},"test_doc":0,"handle":{"type":"assetfiles","key":"jupyterlab/connect_and_validate_data.ipynb","upload_id":"done","max_part_num":1},"usage":{"access_count":10,"last_accessor_id":"1000331014","last_access_time":1687233425485,"last_updater_id":"1000331014","last_update_time":1687233425485}}]}