[{"metadata":{"asset_id":"eb4e6846-bbbc-4e24-a575-5c51274eb294","name":"Dev_Pipeline","description":"","tags":null,"asset_type":"orchestration_flow","origin_country":"us","rov":{"mode":0},"owner_id":"1000331014","created_at":"2023-06-07T03:27:38Z"},"entity":{"orchestration_flow":{"created_at":1686108458,"default_version":{"id":"eb4e6846-bbbc-4e24-a575-5c51274eb294-1","version_code_source_url":"","version_created_at":1686108458,"version_name":"Dev_Pipeline","version_parameters":"[{\"name\":\"pipelinerun_name\",\"value\":\"$(context.pipelineRun.name)\"}]","version_status":"VOLATILE"},"default_version_id":"eb4e6846-bbbc-4e24-a575-5c51274eb294-1","deleted_versions":[],"status":"VOLATILE","version_code_source_url":"","version_created_at":1686108458,"version_name":"Dev_Pipeline","version_parameters":"[{\"name\":\"cloud_api_key\",\"value\":\"5TSOBC7Jk1vMFZJI6urRqyD3DEw3Lb40cnmIomil\"},{\"name\":\"pipelinerun_name\",\"value\":\"$(context.pipelineRun.name)\"}]","version_status":"VOLATILE"}},"scope":"cpd.__projects_ffe6cf1e-7730-4e97-89c3-9779edff6278"}]