{"metadata":{"asset_id":"9919fd8e-7825-44f2-bf94-1450a58a8b11","asset_attributes":["package_extension"],"name":"Package Extension","asset_type":"package_extension","created_at":"2023-06-07T03:16:24Z","description":"Package Extensions created by environments-ui","origin_country":"us","owner_id":"1000331014","project_id":"ffe6cf1e-7730-4e97-89c3-9779edff6278","sandbox_id":"ffe6cf1e-7730-4e97-89c3-9779edff6278","size":895,"tags":["dsx"],"usage":{"last_update_time":1686107784912,"last_updated_at":"2023-06-07T03:16:24Z"}},"entity":{"package_extension":{"type":"conda_yml","interpreter":"mamba","object_key":"package_extension/Package_Extension_ZOkEZly6o.yml"}},"attachments":[{"id":"3461b25a-9730-495b-99cb-4da0b40204f4","version":2,"asset_type":"package_extension","name":"attachment for package extension 98b44dc3-d33f-4362-9b79-aa6912ca2be0","description":"attachment for package extension 98b44dc3-d33f-4362-9b79-aa6912ca2be0","mime":"application/json","datasource_type":"81bafdbd-b7c6-45c5-a4fd-6ec135f66f4e","object_key":"package_extension/Package_Extension_ZOkEZly6o.yml","creator_id":"icp4d-dev","create_time":1686107784741,"size":895,"is_remote":false,"is_managed":false,"is_referenced":true,"is_object_key_read_only":false,"is_user_provided_path_key":true,"transfer_complete":true,"is_partitioned":false,"complete_time_ticks":1686107784741,"user_data":{},"test_doc":0,"handle":{"type":"assetfiles","key":"package_extension/Package_Extension_ZOkEZly6o.yml","upload_id":"done","max_part_num":1},"usage":{"access_count":0,"last_accessor_id":"icp4d-dev","last_access_time":1686107784741}}]}