{"metadata":{"asset_id":"097dc356-01b1-4a3e-90a5-df7a0de11fb1","asset_attributes":["package_extension"],"name":"Package Extension","asset_type":"package_extension","created_at":"2023-06-07T04:43:31Z","description":"Package Extensions created by environments-ui","origin_country":"us","owner_id":"1000331014","project_id":"ffe6cf1e-7730-4e97-89c3-9779edff6278","sandbox_id":"ffe6cf1e-7730-4e97-89c3-9779edff6278","size":895,"tags":["dsx"],"usage":{"last_update_time":1686113012469,"last_updated_at":"2023-06-07T04:43:32Z"}},"entity":{"package_extension":{"type":"conda_yml","interpreter":"conda","object_key":"package_extension/Package_Extension_zkyUhMbxN.yml"}},"attachments":[{"id":"3ceed9a8-682a-4279-9948-d553d55e2fd1","version":2,"asset_type":"package_extension","name":"attachment for package extension 097dc356-01b1-4a3e-90a5-df7a0de11fb1","description":"attachment for package extension 097dc356-01b1-4a3e-90a5-df7a0de11fb1","mime":"application/json","datasource_type":"81bafdbd-b7c6-45c5-a4fd-6ec135f66f4e","object_key":"package_extension/Package_Extension_zkyUhMbxN.yml","creator_id":"1000331014","create_time":1686113012468,"size":895,"is_remote":false,"is_managed":false,"is_referenced":true,"is_object_key_read_only":false,"is_user_provided_path_key":true,"transfer_complete":true,"is_partitioned":false,"complete_time_ticks":1686113012468,"user_data":{},"test_doc":0,"handle":{"type":"assetfiles","key":"package_extension/Package_Extension_zkyUhMbxN.yml","upload_id":"done","max_part_num":1},"usage":{"access_count":0,"last_accessor_id":"1000331014","last_access_time":1686113012468}}]}