{"metadata":{"asset_id":"8c18c9c7-3cf8-44dd-b3fc-fe78e3ccbdef","asset_attributes":["script"],"name":"catalog_utils","asset_type":"script","created_at":"2023-06-07T03:16:29Z","description":"","origin_country":"us","owner_id":"1000331014","project_id":"ffe6cf1e-7730-4e97-89c3-9779edff6278","sandbox_id":"ffe6cf1e-7730-4e97-89c3-9779edff6278","size":5500,"usage":{"last_update_time":1686107789783,"last_updated_at":"2023-06-07T03:16:29Z"}},"entity":{"script":{"language":{"name":"python3"}}},"attachments":[{"id":"6caf8ea2-6d00-4e65-b06c-aec4ce3e16fd","version":2,"asset_type":"script","name":"catalog_utils","description":"attachment for script","mime":"application/text","datasource_type":"81bafdbd-b7c6-45c5-a4fd-6ec135f66f4e","object_key":"/jupyterlab/utils/catalog_utils.py","creator_id":"icp4d-dev","create_time":1686107789635,"size":5500,"is_remote":false,"is_managed":false,"is_referenced":true,"is_object_key_read_only":false,"is_user_provided_path_key":true,"transfer_complete":true,"is_partitioned":false,"complete_time_ticks":1686107789635,"user_data":{},"test_doc":0,"handle":{"type":"assetfiles","key":"/jupyterlab/utils/catalog_utils.py","upload_id":"done","max_part_num":1},"usage":{"access_count":0,"last_accessor_id":"icp4d-dev","last_access_time":1686107789635}}]}