{"metadata":{"asset_id":"d89b3391-08ae-41f3-842a-7f25d9a24914","asset_attributes":["script"],"name":"start_and_monitor_pipeline_job_run","asset_type":"script","created_at":"2023-06-07T03:16:30Z","description":"","origin_country":"us","owner_id":"1000331014","project_id":"ffe6cf1e-7730-4e97-89c3-9779edff6278","sandbox_id":"ffe6cf1e-7730-4e97-89c3-9779edff6278","size":7870,"usage":{"last_update_time":1686107791036,"last_updated_at":"2023-06-07T03:16:31Z"}},"entity":{"script":{"language":{"name":"python3"}}},"attachments":[{"id":"432e58a8-68a2-4e52-9805-38a9c19d721e","version":2,"asset_type":"script","name":"start_and_monitor_pipeline_job_run","description":"attachment for script","mime":"application/text","datasource_type":"81bafdbd-b7c6-45c5-a4fd-6ec135f66f4e","object_key":"/jupyterlab/jenkins/cp4d-watson-api-scripts/start_and_monitor_pipeline_job_run.py","creator_id":"icp4d-dev","create_time":1686107790877,"size":7870,"is_remote":false,"is_managed":false,"is_referenced":true,"is_object_key_read_only":false,"is_user_provided_path_key":true,"transfer_complete":true,"is_partitioned":false,"complete_time_ticks":1686107790877,"user_data":{},"test_doc":0,"handle":{"type":"assetfiles","key":"/jupyterlab/jenkins/cp4d-watson-api-scripts/start_and_monitor_pipeline_job_run.py","upload_id":"done","max_part_num":1},"usage":{"access_count":0,"last_accessor_id":"icp4d-dev","last_access_time":1686107790877}}]}