{"metadata":{"asset_id":"1d704d5f-6d20-4b4d-8ffc-39d02942e0ff","asset_attributes":["script"],"name":"fs_utils","asset_type":"script","created_at":"2023-06-07T03:16:30Z","description":"","origin_country":"us","owner_id":"1000331014","project_id":"ffe6cf1e-7730-4e97-89c3-9779edff6278","sandbox_id":"ffe6cf1e-7730-4e97-89c3-9779edff6278","size":10510,"usage":{"last_update_time":1686107790912,"last_updated_at":"2023-06-07T03:16:30Z"}},"entity":{"script":{"language":{"name":"python3"}}},"attachments":[{"id":"4be2e3d5-3994-4684-acb2-89699e4b3731","version":2,"asset_type":"script","name":"fs_utils","description":"attachment for script","mime":"application/text","datasource_type":"81bafdbd-b7c6-45c5-a4fd-6ec135f66f4e","object_key":"/jupyterlab/utils/fs_utils.py","creator_id":"icp4d-dev","create_time":1686107790759,"size":10510,"is_remote":false,"is_managed":false,"is_referenced":true,"is_object_key_read_only":false,"is_user_provided_path_key":true,"transfer_complete":true,"is_partitioned":false,"complete_time_ticks":1686107790759,"user_data":{},"test_doc":0,"handle":{"type":"assetfiles","key":"/jupyterlab/utils/fs_utils.py","upload_id":"done","max_part_num":1},"usage":{"access_count":0,"last_accessor_id":"icp4d-dev","last_access_time":1686107790759}}]}