{"metadata":{"asset_id":"c3e73dae-dbe5-432d-a732-1cbe8b6415f0","asset_attributes":["software_specification"],"name":"openscale","asset_type":"software_specification","created_at":"2023-06-07T03:16:25Z","origin_country":"us","owner_id":"1000331014","project_id":"ffe6cf1e-7730-4e97-89c3-9779edff6278","sandbox_id":"ffe6cf1e-7730-4e97-89c3-9779edff6278","size":0,"tags":["dsx"],"usage":{"last_update_time":1686107785503,"last_updated_at":"2023-06-07T03:16:25Z"}},"entity":{"software_specification":{"type":"derived","display_name":"openscale","base_software_specification":{"guid":"b56101f1-309d-549b-a849-eaa63f77b2fb","href":"/v2/software_specifications/b56101f1-309d-549b-a849-eaa63f77b2fb"},"package_extensions":[{"guid":"9919fd8e-7825-44f2-bf94-1450a58a8b11","href":"/v2/package_extensions/9919fd8e-7825-44f2-bf94-1450a58a8b11"}]}}}