{"metadata":{"asset_id":"6f46a028-f4eb-4656-b8a5-22b8cbc451de","asset_attributes":["software_specification"],"name":"Custom_Python","asset_type":"software_specification","created_at":"2023-06-07T04:43:32Z","origin_country":"us","owner_id":"1000331014","project_id":"ffe6cf1e-7730-4e97-89c3-9779edff6278","sandbox_id":"ffe6cf1e-7730-4e97-89c3-9779edff6278","size":0,"tags":["dsx"],"usage":{"last_update_time":1686113012825,"last_updated_at":"2023-06-07T04:43:32Z"}},"entity":{"software_specification":{"type":"derived","display_name":"Custom_Python","base_software_specification":{"guid":"b56101f1-309d-549b-a849-eaa63f77b2fb","href":"/v2/software_specifications/b56101f1-309d-549b-a849-eaa63f77b2fb"},"package_extensions":[{"guid":"097dc356-01b1-4a3e-90a5-df7a0de11fb1","href":"/v2/package_extensions/097dc356-01b1-4a3e-90a5-df7a0de11fb1"}]}}}