{"metadata":{"asset_id":"f3fa6cc6-f8f3-44c9-bb3f-27b7cf7bfed5","asset_attributes":["wml_model","notebook_experiment","modelfacts_system","modelfacts_user","modelfacts_user_op"],"name":"Risk_Model","asset_type":"wml_model","created_at":"2023-06-20T07:16:16Z","origin_country":"us","owner_id":"1000331014","project_id":"ffe6cf1e-7730-4e97-89c3-9779edff6278","sandbox_id":"ffe6cf1e-7730-4e97-89c3-9779edff6278","size":102002,"usage":{"last_update_time":1687257840893,"last_updated_at":"2023-06-20T10:44:00Z"}},"entity":{"wml_model":{"custom":{"experiment_id":"b3b7d7438fad4202be349ec808c6bb41","experiment_name":"CreditRiskModel"},"hybrid_pipeline_software_specs":[],"training_data_references":[{"connection":{"href":"/v2/connections/1a1f879a-8112-4ab9-9a0c-a4d58ececc33?space_id=1e97b132-7aff-4e58-b096-a8dcd27016c2","id":"1a1f879a-8112-4ab9-9a0c-a4d58ececc33"},"id":"German Credit Risk","location":{"bucket":"mlops-cpd-onprem","file_name":"german_credit_risk.csv"},"schema":{"fields":[{"name":"LoanDuration","type":"int64"},{"name":"LoanAmount","type":"int64"},{"name":"InstallmentPercent","type":"int64"},{"name":"CurrentResidenceDuration","type":"int64"},{"name":"Age","type":"int64"},{"name":"ExistingCreditsCount","type":"int64"},{"name":"Dependents","type":"int64"},{"name":"CheckingStatus","type":"object"},{"name":"OthersOnLoan","type":"object"},{"name":"ExistingSavings","type":"object"},{"name":"Housing","type":"object"},{"name":"CreditHistory","type":"object"},{"name":"Telephone","type":"object"},{"name":"LoanPurpose","type":"object"},{"name":"EmploymentDuration","type":"object"},{"name":"Job","type":"object"},{"name":"OwnsProperty","type":"object"},{"name":"Sex","type":"object"}],"id":"1","type":"DataFrame"},"type":"connection_asset"}],"label_column":"Risk","software_spec":{"base_id":"b56101f1-309d-549b-a849-eaa63f77b2fb","name":"runtime-22.2-py3.10"},"ml_version":"4.0.17","type":"scikit-learn_1.1","schemas":{"input":[{"fields":[{"name":"LoanDuration","type":"int64"},{"name":"LoanAmount","type":"int64"},{"name":"InstallmentPercent","type":"int64"},{"name":"CurrentResidenceDuration","type":"int64"},{"name":"Age","type":"int64"},{"name":"ExistingCreditsCount","type":"int64"},{"name":"Dependents","type":"int64"},{"name":"CheckingStatus","type":"object"},{"name":"OthersOnLoan","type":"object"},{"name":"ExistingSavings","type":"object"},{"name":"Housing","type":"object"},{"name":"CreditHistory","type":"object"},{"name":"Telephone","type":"object"},{"name":"LoanPurpose","type":"object"},{"name":"EmploymentDuration","type":"object"},{"name":"Job","type":"object"},{"name":"OwnsProperty","type":"object"},{"name":"Sex","type":"object"}],"id":"input_data_schema","type":"list"}],"output":[]}},"notebook_experiment":{"experiment_id":"b3b7d7438fad4202be349ec808c6bb41","name":"CreditRiskModel","runs":[{"run_id":"cd0bb111a8cb47668c599c47b5922343","created_date":"20/06/2023 07:16:07","metrics":[{"key":"training_f1_score","value":"0.8798260137138009"},{"key":"Pipeline_score_X_train","value":"0.8658322903629537"},{"key":"training_accuracy_score","value":"0.8842302878598248"},{"key":"training_recall_score","value":"0.8842302878598248"},{"key":"valid_0-binary_logloss","value":"0.44080559753945453"},{"key":"Pipeline_score-2_X_test","value":"0.7711442786069652"},{"key":"training_score","value":"0.8842302878598248"},{"key":"training_log_loss","value":"0.2782799672443521"},{"key":"training_precision_score","value":"0.8876160172338272"},{"key":"valid_1-binary_logloss","value":"0.27827996724435194"},{"key":"training_roc_auc_score","value":"0.9604719291572407"}],"params":[{"key":"model_lgb__colsample_bytree","value":"1.0"},{"key":"model_lgb__objective","value":"None"},{"key":"model_lgb__subsample_for_bin","value":"200000"},{"key":"learning_rate","value":"0.09"},{"key":"model_lgb__n_jobs","value":"-1"},{"key":"model_lgb__min_split_gain","value":"0.0"},{"key":"model_lgb__silent","value":"warn"},{"key":"prep__num__copy","value":"True"},{"key":"prep__cat__handle_unknown","value":"error"},{"key":"prep","value":"ColumnTransformer(transformers=[('cat', OrdinalEncoder(),\n                                 Index(['CheckingStatus', 'OthersOnLoan', 'ExistingSavings', 'Housing',\n       'CreditHistory', 'Telephone', 'LoanPurpose', 'EmploymentDuration',\n       'Job', 'OwnsProperty', 'Sex'],\n      dtype='object')),\n                                ('num', MinMaxScaler(),\n                                 Index(['LoanDuration', 'LoanAmount', 'InstallmentPercent',\n       'CurrentResidenceDuration', 'Age', 'Existing..."},{"key":"min_split_gain","value":"0.0"},{"key":"prep__num","value":"MinMaxScaler()"},{"key":"prep__transformer_weights","value":"None"},{"key":"prep__verbose","value":"False"},{"key":"model_lgb__min_child_samples","value":"20"},{"key":"model_lgb__boosting_type","value":"gbdt"},{"key":"min_child_weight","value":"0.001"},{"key":"verbose","value":"False"},{"key":"model_lgb__reg_alpha","value":"0.0"},{"key":"memory","value":"None"},{"key":"subsample_for_bin","value":"200000"},{"key":"model_lgb__subsample_freq","value":"0"},{"key":"n_jobs","value":"-1"},{"key":"random_state","value":"42"},{"key":"prep__num__clip","value":"False"},{"key":"model_lgb__min_child_weight","value":"0.001"},{"key":"prep__cat__encoded_missing_value","value":"nan"},{"key":"subsample","value":"1.0"},{"key":"prep__transformers","value":"[('cat', OrdinalEncoder(), Index(['CheckingStatus', 'OthersOnLoan', 'ExistingSavings', 'Housing',\n       'CreditHistory', 'Telephone', 'LoanPurpose', 'EmploymentDuration',\n       'Job', 'OwnsProperty', 'Sex'],\n      dtype='object')), ('num', MinMaxScaler(), Index(['LoanDuration', 'LoanAmount', 'InstallmentPercent',\n       'CurrentResidenceDuration', 'Age', 'ExistingCreditsCount',\n       'Dependents'],\n      dtype='object'))]"},{"key":"model_lgb__max_depth","value":"5"},{"key":"prep__verbose_feature_names_out","value":"True"},{"key":"prep__cat__unknown_value","value":"None"},{"key":"model_lgb__reg_lambda","value":"0.0"},{"key":"model_lgb__subsample","value":"1.0"},{"key":"num_leaves","value":"31"},{"key":"model_lgb__class_weight","value":"None"},{"key":"model_lgb__num_leaves","value":"31"},{"key":"boosting_type","value":"gbdt"},{"key":"prep__cat","value":"OrdinalEncoder()"},{"key":"reg_lambda","value":"0.0"},{"key":"model_lgb","value":"LGBMClassifier(learning_rate=0.09, max_depth=5, random_state=42)"},{"key":"prep__num__feature_range","value":"(0, 1)"},{"key":"model_lgb__importance_type","value":"split"},{"key":"prep__remainder","value":"drop"},{"key":"prep__n_jobs","value":"None"},{"key":"prep__cat__dtype","value":"<class 'numpy.float64'>"},{"key":"prep__sparse_threshold","value":"0.3"},{"key":"model_lgb__learning_rate","value":"0.09"},{"key":"colsample_bytree","value":"1.0"},{"key":"prep__cat__categories","value":"auto"},{"key":"model_lgb__random_state","value":"42"},{"key":"subsample_freq","value":"0"},{"key":"steps","value":"[('prep', ColumnTransformer(transformers=[('cat', OrdinalEncoder(),\n                                 Index(['CheckingStatus', 'OthersOnLoan', 'ExistingSavings', 'Housing',\n       'CreditHistory', 'Telephone', 'LoanPurpose', 'EmploymentDuration',\n       'Job', 'OwnsProperty', 'Sex'],\n      dtype='object')),\n                                ('num', MinMaxScaler(),\n                                 Index(['LoanDuration', 'LoanAmount', 'InstallmentPercent',\n       'CurrentResidenceDuration', 'Age',..."},{"key":"max_depth","value":"5"},{"key":"min_child_samples","value":"20"},{"key":"reg_alpha","value":"0.0"},{"key":"model_lgb__n_estimators","value":"100"}],"tags":[{"key":"facts.source.type","value":"LOCAL"},{"key":"facts.user","value":"1000660000"},{"key":"facts.source.name","value":"/opt/conda/envs/Python-3.10-Premium/lib/python3.10/site-packages/ipykernel/__main__.py"},{"key":"facts.publish","value":"True"},{"key":"GUID","value":"b3b7d7438fad4202be349ec808c6bb41"},{"key":"facts.autologging","value":"sklearn"},{"key":"estimator_class","value":"sklearn.pipeline.Pipeline"},{"key":"estimator_name","value":"Pipeline"}],"artifacts":[]},{"run_id":"d4ffdc9ac77346bab9faa40b226e1417","created_date":"20/06/2023 08:25:58","metrics":[{"key":"valid_0-binary_logloss","value":"0.6172106305925501"},{"key":"valid_1-binary_logloss","value":"0.6011397277309117"}],"params":[{"key":"model_lgb__colsample_bytree","value":"1.0"},{"key":"model_lgb__objective","value":"None"},{"key":"model_lgb__subsample_for_bin","value":"200000"},{"key":"model_lgb__n_jobs","value":"-1"},{"key":"model_lgb__min_split_gain","value":"0.0"},{"key":"model_lgb__silent","value":"warn"},{"key":"prep__num__copy","value":"True"},{"key":"prep__cat__handle_unknown","value":"error"},{"key":"prep","value":"ColumnTransformer(transformers=[('cat', OrdinalEncoder(),\n                                 Index(['CheckingStatus', 'OthersOnLoan', 'ExistingSavings', 'Housing',\n       'CreditHistory', 'Telephone', 'LoanPurpose', 'EmploymentDuration',\n       'Job', 'OwnsProperty', 'Sex'],\n      dtype='object')),\n                                ('num', MinMaxScaler(),\n                                 Index(['LoanDuration', 'LoanAmount', 'InstallmentPercent',\n       'CurrentResidenceDuration', 'Age', 'Existing..."},{"key":"prep__num","value":"MinMaxScaler()"},{"key":"prep__transformer_weights","value":"None"},{"key":"prep__verbose","value":"False"},{"key":"model_lgb__min_child_samples","value":"20"},{"key":"model_lgb__boosting_type","value":"gbdt"},{"key":"verbose","value":"False"},{"key":"model_lgb__reg_alpha","value":"0.0"},{"key":"memory","value":"None"},{"key":"model_lgb__subsample_freq","value":"0"},{"key":"prep__num__clip","value":"False"},{"key":"model_lgb__min_child_weight","value":"0.001"},{"key":"prep__cat__encoded_missing_value","value":"nan"},{"key":"prep__transformers","value":"[('cat', OrdinalEncoder(), Index(['CheckingStatus', 'OthersOnLoan', 'ExistingSavings', 'Housing',\n       'CreditHistory', 'Telephone', 'LoanPurpose', 'EmploymentDuration',\n       'Job', 'OwnsProperty', 'Sex'],\n      dtype='object')), ('num', MinMaxScaler(), Index(['LoanDuration', 'LoanAmount', 'InstallmentPercent',\n       'CurrentResidenceDuration', 'Age', 'ExistingCreditsCount',\n       'Dependents'],\n      dtype='object'))]"},{"key":"model_lgb__max_depth","value":"5"},{"key":"prep__verbose_feature_names_out","value":"True"},{"key":"prep__cat__unknown_value","value":"None"},{"key":"model_lgb__reg_lambda","value":"0.0"},{"key":"model_lgb__subsample","value":"1.0"},{"key":"model_lgb__class_weight","value":"None"},{"key":"model_lgb__num_leaves","value":"31"},{"key":"prep__cat","value":"OrdinalEncoder()"},{"key":"model_lgb","value":"LGBMClassifier(learning_rate=0.09, max_depth=5, random_state=42)"},{"key":"prep__num__feature_range","value":"(0, 1)"},{"key":"model_lgb__importance_type","value":"split"},{"key":"prep__remainder","value":"drop"},{"key":"prep__n_jobs","value":"None"},{"key":"prep__cat__dtype","value":"<class 'numpy.float64'>"},{"key":"prep__sparse_threshold","value":"0.3"},{"key":"model_lgb__learning_rate","value":"0.09"},{"key":"prep__cat__categories","value":"auto"},{"key":"model_lgb__random_state","value":"42"},{"key":"steps","value":"[('prep', ColumnTransformer(transformers=[('cat', OrdinalEncoder(),\n                                 Index(['CheckingStatus', 'OthersOnLoan', 'ExistingSavings', 'Housing',\n       'CreditHistory', 'Telephone', 'LoanPurpose', 'EmploymentDuration',\n       'Job', 'OwnsProperty', 'Sex'],\n      dtype='object')),\n                                ('num', MinMaxScaler(),\n                                 Index(['LoanDuration', 'LoanAmount', 'InstallmentPercent',\n       'CurrentResidenceDuration', 'Age',..."},{"key":"model_lgb__n_estimators","value":"100"}],"tags":[{"key":"facts.autologging","value":"sklearn"},{"key":"estimator_class","value":"sklearn.pipeline.Pipeline"},{"key":"facts.source.name","value":"/opt/conda/envs/Python-3.10-Premium/lib/python3.10/site-packages/ipykernel/__main__.py"},{"key":"facts.user","value":"1000660000"},{"key":"facts.source.type","value":"LOCAL"},{"key":"estimator_name","value":"Pipeline"}],"artifacts":[]},{"run_id":"8d8791f104874477a29b665fc2829bf8","created_date":"20/06/2023 08:27:34","metrics":[{"key":"valid_0-binary_logloss","value":"0.6172106305925501"},{"key":"valid_1-binary_logloss","value":"0.6011397277309117"}],"params":[{"key":"learning_rate","value":"0.09"},{"key":"prep__num__copy","value":"True"},{"key":"prep__cat__handle_unknown","value":"error"},{"key":"prep","value":"ColumnTransformer(transformers=[('cat', OrdinalEncoder(),\n                                 Index(['CheckingStatus', 'OthersOnLoan', 'ExistingSavings', 'Housing',\n       'CreditHistory', 'Telephone', 'LoanPurpose', 'EmploymentDuration',\n       'Job', 'OwnsProperty', 'Sex'],\n      dtype='object')),\n                                ('num', MinMaxScaler(),\n                                 Index(['LoanDuration', 'LoanAmount', 'InstallmentPercent',\n       'CurrentResidenceDuration', 'Age', 'Existing..."},{"key":"min_split_gain","value":"0.0"},{"key":"prep__num","value":"MinMaxScaler()"},{"key":"prep__transformer_weights","value":"None"},{"key":"prep__verbose","value":"False"},{"key":"model_lgb__boosting_type","value":""},{"key":"min_child_weight","value":"0.001"},{"key":"verbose","value":"False"},{"key":"memory","value":"None"},{"key":"subsample_for_bin","value":"200000"},{"key":"n_jobs","value":"-1"},{"key":"random_state","value":"42"},{"key":"prep__num__clip","value":"False"},{"key":"prep__cat__encoded_missing_value","value":"nan"},{"key":"subsample","value":"1.0"},{"key":"prep__transformers","value":"[('cat', OrdinalEncoder(), Index(['CheckingStatus', 'OthersOnLoan', 'ExistingSavings', 'Housing',\n       'CreditHistory', 'Telephone', 'LoanPurpose', 'EmploymentDuration',\n       'Job', 'OwnsProperty', 'Sex'],\n      dtype='object')), ('num', MinMaxScaler(), Index(['LoanDuration', 'LoanAmount', 'InstallmentPercent',\n       'CurrentResidenceDuration', 'Age', 'ExistingCreditsCount',\n       'Dependents'],\n      dtype='object'))]"},{"key":"prep__verbose_feature_names_out","value":"True"},{"key":"prep__cat__unknown_value","value":"None"},{"key":"num_leaves","value":"31"},{"key":"boosting_type","value":"gbdt"},{"key":"prep__cat","value":"OrdinalEncoder()"},{"key":"reg_lambda","value":"0.0"},{"key":"model_lgb","value":"LGBMClassifier(learning_rate=0.09, max_depth=5, random_state=42)"},{"key":"prep__num__feature_range","value":"(0, 1)"},{"key":"prep__remainder","value":"drop"},{"key":"prep__n_jobs","value":"None"},{"key":"prep__cat__dtype","value":"<class 'numpy.float64'>"},{"key":"prep__sparse_threshold","value":"0.3"},{"key":"colsample_bytree","value":"1.0"},{"key":"prep__cat__categories","value":"auto"},{"key":"subsample_freq","value":"0"},{"key":"steps","value":"[('prep', ColumnTransformer(transformers=[('cat', OrdinalEncoder(),\n                                 Index(['CheckingStatus', 'OthersOnLoan', 'ExistingSavings', 'Housing',\n       'CreditHistory', 'Telephone', 'LoanPurpose', 'EmploymentDuration',\n       'Job', 'OwnsProperty', 'Sex'],\n      dtype='object')),\n                                ('num', MinMaxScaler(),\n                                 Index(['LoanDuration', 'LoanAmount', 'InstallmentPercent',\n       'CurrentResidenceDuration', 'Age',..."},{"key":"max_depth","value":"5"},{"key":"min_child_samples","value":"20"},{"key":"reg_alpha","value":"0.0"}],"tags":[{"key":"facts.autologging","value":"sklearn"},{"key":"facts.source.name","value":"/opt/conda/envs/Python-3.10-Premium/lib/python3.10/site-packages/ipykernel/__main__.py"},{"key":"facts.user","value":"1000660000"},{"key":"facts.source.type","value":"LOCAL"}],"artifacts":[]},{"run_id":"8d8791f104874477a29b665fc2829bf8","created_date":"20/06/2023 08:27:35","metrics":[{"key":"valid_0-binary_logloss","value":"0.6172106305925501"},{"key":"valid_1-binary_logloss","value":"0.6011397277309117"}],"params":[{"key":"model_lgb__colsample_bytree","value":"1.0"},{"key":"model_lgb__objective","value":"None"},{"key":"model_lgb__subsample_for_bin","value":"200000"},{"key":"learning_rate","value":"0.09"},{"key":"model_lgb__n_jobs","value":"-1"},{"key":"model_lgb__min_split_gain","value":"0.0"},{"key":"model_lgb__silent","value":"warn"},{"key":"prep__num__copy","value":"True"},{"key":"prep__cat__handle_unknown","value":"error"},{"key":"prep","value":"ColumnTransformer(transformers=[('cat', OrdinalEncoder(),\n                                 Index(['CheckingStatus', 'OthersOnLoan', 'ExistingSavings', 'Housing',\n       'CreditHistory', 'Telephone', 'LoanPurpose', 'EmploymentDuration',\n       'Job', 'OwnsProperty', 'Sex'],\n      dtype='object')),\n                                ('num', MinMaxScaler(),\n                                 Index(['LoanDuration', 'LoanAmount', 'InstallmentPercent',\n       'CurrentResidenceDuration', 'Age', 'Existing..."},{"key":"min_split_gain","value":"0.0"},{"key":"prep__num","value":"MinMaxScaler()"},{"key":"prep__transformer_weights","value":"None"},{"key":"prep__verbose","value":"False"},{"key":"model_lgb__min_child_samples","value":"20"},{"key":"model_lgb__boosting_type","value":"gbdt"},{"key":"min_child_weight","value":"0.001"},{"key":"verbose","value":"False"},{"key":"model_lgb__reg_alpha","value":"0.0"},{"key":"memory","value":"None"},{"key":"subsample_for_bin","value":"200000"},{"key":"model_lgb__subsample_freq","value":"0"},{"key":"n_jobs","value":"-1"},{"key":"random_state","value":"42"},{"key":"prep__num__clip","value":"False"},{"key":"model_lgb__min_child_weight","value":"0.001"},{"key":"prep__cat__encoded_missing_value","value":"nan"},{"key":"subsample","value":"1.0"},{"key":"prep__transformers","value":"[('cat', OrdinalEncoder(), Index(['CheckingStatus', 'OthersOnLoan', 'ExistingSavings', 'Housing',\n       'CreditHistory', 'Telephone', 'LoanPurpose', 'EmploymentDuration',\n       'Job', 'OwnsProperty', 'Sex'],\n      dtype='object')), ('num', MinMaxScaler(), Index(['LoanDuration', 'LoanAmount', 'InstallmentPercent',\n       'CurrentResidenceDuration', 'Age', 'ExistingCreditsCount',\n       'Dependents'],\n      dtype='object'))]"},{"key":"model_lgb__max_depth","value":"5"},{"key":"prep__verbose_feature_names_out","value":"True"},{"key":"prep__cat__unknown_value","value":"None"},{"key":"model_lgb__reg_lambda","value":"0.0"},{"key":"model_lgb__subsample","value":"1.0"},{"key":"num_leaves","value":"31"},{"key":"model_lgb__class_weight","value":"None"},{"key":"model_lgb__num_leaves","value":"31"},{"key":"boosting_type","value":"gbdt"},{"key":"prep__cat","value":"OrdinalEncoder()"},{"key":"reg_lambda","value":"0.0"},{"key":"model_lgb","value":"LGBMClassifier(learning_rate=0.09, max_depth=5, random_state=42)"},{"key":"prep__num__feature_range","value":"(0, 1)"},{"key":"model_lgb__importance_type","value":"split"},{"key":"prep__remainder","value":"drop"},{"key":"prep__n_jobs","value":"None"},{"key":"prep__cat__dtype","value":"<class 'numpy.float64'>"},{"key":"prep__sparse_threshold","value":"0.3"},{"key":"model_lgb__learning_rate","value":"0.09"},{"key":"colsample_bytree","value":"1.0"},{"key":"prep__cat__categories","value":"auto"},{"key":"model_lgb__random_state","value":"42"},{"key":"subsample_freq","value":"0"},{"key":"steps","value":"[('prep', ColumnTransformer(transformers=[('cat', OrdinalEncoder(),\n                                 Index(['CheckingStatus', 'OthersOnLoan', 'ExistingSavings', 'Housing',\n       'CreditHistory', 'Telephone', 'LoanPurpose', 'EmploymentDuration',\n       'Job', 'OwnsProperty', 'Sex'],\n      dtype='object')),\n                                ('num', MinMaxScaler(),\n                                 Index(['LoanDuration', 'LoanAmount', 'InstallmentPercent',\n       'CurrentResidenceDuration', 'Age',..."},{"key":"max_depth","value":"5"},{"key":"min_child_samples","value":"20"},{"key":"reg_alpha","value":"0.0"},{"key":"model_lgb__n_estimators","value":"100"}],"tags":[{"key":"facts.source.type","value":"LOCAL"},{"key":"facts.user","value":"1000660000"},{"key":"facts.source.name","value":"/opt/conda/envs/Python-3.10-Premium/lib/python3.10/site-packages/ipykernel/__main__.py"},{"key":"facts.autologging","value":"sklearn"},{"key":"estimator_class","value":"sklearn.pipeline.Pipeline"},{"key":"estimator_name","value":"Pipeline"}],"artifacts":[]},{"run_id":"8d8791f104874477a29b665fc2829bf8","created_date":"20/06/2023 08:40:47","metrics":[{"key":"training_f1_score","value":"0.8798260137138009"},{"key":"Pipeline_score_X_train","value":"0.8658322903629537"},{"key":"training_accuracy_score","value":"0.8842302878598248"},{"key":"training_recall_score","value":"0.8842302878598248"},{"key":"valid_0-binary_logloss","value":"0.4408055975394544"},{"key":"Pipeline_score-2_X_test","value":"0.7711442786069652"},{"key":"training_score","value":"0.8842302878598248"},{"key":"training_log_loss","value":"0.2782799672443521"},{"key":"training_precision_score","value":"0.8876160172338272"},{"key":"valid_1-binary_logloss","value":"0.2782799672443519"},{"key":"training_roc_auc_score","value":"0.9604719291572407"}],"params":[{"key":"model_lgb__colsample_bytree","value":"1.0"},{"key":"model_lgb__objective","value":"None"},{"key":"model_lgb__subsample_for_bin","value":"200000"},{"key":"learning_rate","value":"0.09"},{"key":"model_lgb__n_jobs","value":"-1"},{"key":"model_lgb__min_split_gain","value":"0.0"},{"key":"model_lgb__silent","value":"warn"},{"key":"prep__num__copy","value":"True"},{"key":"prep__cat__handle_unknown","value":"error"},{"key":"prep","value":"ColumnTransformer(transformers=[('cat', OrdinalEncoder(),\n                                 Index(['CheckingStatus', 'OthersOnLoan', 'ExistingSavings', 'Housing',\n       'CreditHistory', 'Telephone', 'LoanPurpose', 'EmploymentDuration',\n       'Job', 'OwnsProperty', 'Sex'],\n      dtype='object')),\n                                ('num', MinMaxScaler(),\n                                 Index(['LoanDuration', 'LoanAmount', 'InstallmentPercent',\n       'CurrentResidenceDuration', 'Age', 'Existing..."},{"key":"min_split_gain","value":"0.0"},{"key":"prep__num","value":"MinMaxScaler()"},{"key":"prep__transformer_weights","value":"None"},{"key":"prep__verbose","value":"False"},{"key":"model_lgb__min_child_samples","value":"20"},{"key":"model_lgb__boosting_type","value":"gbdt"},{"key":"min_child_weight","value":"0.001"},{"key":"verbose","value":"False"},{"key":"model_lgb__reg_alpha","value":"0.0"},{"key":"memory","value":"None"},{"key":"subsample_for_bin","value":"200000"},{"key":"model_lgb__subsample_freq","value":"0"},{"key":"n_jobs","value":"-1"},{"key":"random_state","value":"42"},{"key":"prep__num__clip","value":"False"},{"key":"model_lgb__min_child_weight","value":"0.001"},{"key":"prep__cat__encoded_missing_value","value":"nan"},{"key":"subsample","value":"1.0"},{"key":"prep__transformers","value":"[('cat', OrdinalEncoder(), Index(['CheckingStatus', 'OthersOnLoan', 'ExistingSavings', 'Housing',\n       'CreditHistory', 'Telephone', 'LoanPurpose', 'EmploymentDuration',\n       'Job', 'OwnsProperty', 'Sex'],\n      dtype='object')), ('num', MinMaxScaler(), Index(['LoanDuration', 'LoanAmount', 'InstallmentPercent',\n       'CurrentResidenceDuration', 'Age', 'ExistingCreditsCount',\n       'Dependents'],\n      dtype='object'))]"},{"key":"model_lgb__max_depth","value":"5"},{"key":"prep__verbose_feature_names_out","value":"True"},{"key":"prep__cat__unknown_value","value":"None"},{"key":"model_lgb__reg_lambda","value":"0.0"},{"key":"model_lgb__subsample","value":"1.0"},{"key":"num_leaves","value":"31"},{"key":"model_lgb__class_weight","value":"None"},{"key":"model_lgb__num_leaves","value":"31"},{"key":"boosting_type","value":"gbdt"},{"key":"prep__cat","value":"OrdinalEncoder()"},{"key":"reg_lambda","value":"0.0"},{"key":"model_lgb","value":"LGBMClassifier(learning_rate=0.09, max_depth=5, random_state=42)"},{"key":"prep__num__feature_range","value":"(0, 1)"},{"key":"model_lgb__importance_type","value":"split"},{"key":"prep__remainder","value":"drop"},{"key":"prep__n_jobs","value":"None"},{"key":"prep__cat__dtype","value":"<class 'numpy.float64'>"},{"key":"prep__sparse_threshold","value":"0.3"},{"key":"model_lgb__learning_rate","value":"0.09"},{"key":"colsample_bytree","value":"1.0"},{"key":"prep__cat__categories","value":"auto"},{"key":"model_lgb__random_state","value":"42"},{"key":"subsample_freq","value":"0"},{"key":"steps","value":"[('prep', ColumnTransformer(transformers=[('cat', OrdinalEncoder(),\n                                 Index(['CheckingStatus', 'OthersOnLoan', 'ExistingSavings', 'Housing',\n       'CreditHistory', 'Telephone', 'LoanPurpose', 'EmploymentDuration',\n       'Job', 'OwnsProperty', 'Sex'],\n      dtype='object')),\n                                ('num', MinMaxScaler(),\n                                 Index(['LoanDuration', 'LoanAmount', 'InstallmentPercent',\n       'CurrentResidenceDuration', 'Age',..."},{"key":"max_depth","value":"5"},{"key":"min_child_samples","value":"20"},{"key":"reg_alpha","value":"0.0"},{"key":"model_lgb__n_estimators","value":"100"}],"tags":[{"key":"facts.source.type","value":"LOCAL"},{"key":"facts.user","value":"1000660000"},{"key":"facts.source.name","value":"/opt/conda/envs/Python-3.10-Premium/lib/python3.10/site-packages/ipykernel/__main__.py"},{"key":"facts.publish","value":"True"},{"key":"GUID","value":"b3b7d7438fad4202be349ec808c6bb41"},{"key":"facts.autologging","value":"sklearn"},{"key":"estimator_class","value":"sklearn.pipeline.Pipeline"},{"key":"estimator_name","value":"Pipeline"}],"artifacts":[]},{"run_id":"8d8791f104874477a29b665fc2829bf8","created_date":"20/06/2023 08:46:09","metrics":[{"key":"training_f1_score","value":"0.8798260137138009"},{"key":"Pipeline_score_X_train","value":"0.8658322903629537"},{"key":"training_accuracy_score","value":"0.8842302878598248"},{"key":"training_recall_score","value":"0.8842302878598248"},{"key":"valid_0-binary_logloss","value":"0.4408055975394544"},{"key":"Pipeline_score-2_X_test","value":"0.7711442786069652"},{"key":"training_score","value":"0.8842302878598248"},{"key":"training_log_loss","value":"0.2782799672443521"},{"key":"training_precision_score","value":"0.8876160172338272"},{"key":"valid_1-binary_logloss","value":"0.2782799672443519"},{"key":"training_roc_auc_score","value":"0.9604719291572407"}],"params":[{"key":"model_lgb__colsample_bytree","value":"1.0"},{"key":"model_lgb__objective","value":"None"},{"key":"model_lgb__subsample_for_bin","value":"200000"},{"key":"learning_rate","value":"0.09"},{"key":"model_lgb__n_jobs","value":"-1"},{"key":"model_lgb__min_split_gain","value":"0.0"},{"key":"model_lgb__silent","value":"warn"},{"key":"prep__num__copy","value":"True"},{"key":"prep__cat__handle_unknown","value":"error"},{"key":"prep","value":"ColumnTransformer(transformers=[('cat', OrdinalEncoder(),\n                                 Index(['CheckingStatus', 'OthersOnLoan', 'ExistingSavings', 'Housing',\n       'CreditHistory', 'Telephone', 'LoanPurpose', 'EmploymentDuration',\n       'Job', 'OwnsProperty', 'Sex'],\n      dtype='object')),\n                                ('num', MinMaxScaler(),\n                                 Index(['LoanDuration', 'LoanAmount', 'InstallmentPercent',\n       'CurrentResidenceDuration', 'Age', 'Existing..."},{"key":"min_split_gain","value":"0.0"},{"key":"prep__num","value":"MinMaxScaler()"},{"key":"prep__transformer_weights","value":"None"},{"key":"prep__verbose","value":"False"},{"key":"model_lgb__min_child_samples","value":"20"},{"key":"model_lgb__boosting_type","value":"gbdt"},{"key":"min_child_weight","value":"0.001"},{"key":"verbose","value":"False"},{"key":"model_lgb__reg_alpha","value":"0.0"},{"key":"memory","value":"None"},{"key":"subsample_for_bin","value":"200000"},{"key":"model_lgb__subsample_freq","value":"0"},{"key":"n_jobs","value":"-1"},{"key":"random_state","value":"42"},{"key":"prep__num__clip","value":"False"},{"key":"model_lgb__min_child_weight","value":"0.001"},{"key":"prep__cat__encoded_missing_value","value":"nan"},{"key":"subsample","value":"1.0"},{"key":"prep__transformers","value":"[('cat', OrdinalEncoder(), Index(['CheckingStatus', 'OthersOnLoan', 'ExistingSavings', 'Housing',\n       'CreditHistory', 'Telephone', 'LoanPurpose', 'EmploymentDuration',\n       'Job', 'OwnsProperty', 'Sex'],\n      dtype='object')), ('num', MinMaxScaler(), Index(['LoanDuration', 'LoanAmount', 'InstallmentPercent',\n       'CurrentResidenceDuration', 'Age', 'ExistingCreditsCount',\n       'Dependents'],\n      dtype='object'))]"},{"key":"model_lgb__max_depth","value":"5"},{"key":"prep__verbose_feature_names_out","value":"True"},{"key":"prep__cat__unknown_value","value":"None"},{"key":"model_lgb__reg_lambda","value":"0.0"},{"key":"model_lgb__subsample","value":"1.0"},{"key":"num_leaves","value":"31"},{"key":"model_lgb__class_weight","value":"None"},{"key":"model_lgb__num_leaves","value":"31"},{"key":"boosting_type","value":"gbdt"},{"key":"prep__cat","value":"OrdinalEncoder()"},{"key":"reg_lambda","value":"0.0"},{"key":"model_lgb","value":"LGBMClassifier(learning_rate=0.09, max_depth=5, random_state=42)"},{"key":"prep__num__feature_range","value":"(0, 1)"},{"key":"model_lgb__importance_type","value":"split"},{"key":"prep__remainder","value":"drop"},{"key":"prep__n_jobs","value":"None"},{"key":"prep__cat__dtype","value":"<class 'numpy.float64'>"},{"key":"prep__sparse_threshold","value":"0.3"},{"key":"model_lgb__learning_rate","value":"0.09"},{"key":"colsample_bytree","value":"1.0"},{"key":"prep__cat__categories","value":"auto"},{"key":"model_lgb__random_state","value":"42"},{"key":"subsample_freq","value":"0"},{"key":"steps","value":"[('prep', ColumnTransformer(transformers=[('cat', OrdinalEncoder(),\n                                 Index(['CheckingStatus', 'OthersOnLoan', 'ExistingSavings', 'Housing',\n       'CreditHistory', 'Telephone', 'LoanPurpose', 'EmploymentDuration',\n       'Job', 'OwnsProperty', 'Sex'],\n      dtype='object')),\n                                ('num', MinMaxScaler(),\n                                 Index(['LoanDuration', 'LoanAmount', 'InstallmentPercent',\n       'CurrentResidenceDuration', 'Age',..."},{"key":"max_depth","value":"5"},{"key":"min_child_samples","value":"20"},{"key":"reg_alpha","value":"0.0"},{"key":"model_lgb__n_estimators","value":"100"}],"tags":[{"key":"facts.source.type","value":"LOCAL"},{"key":"facts.user","value":"1000660000"},{"key":"facts.source.name","value":"/opt/conda/envs/Python-3.10-Premium/lib/python3.10/site-packages/ipykernel/__main__.py"},{"key":"facts.publish","value":"True"},{"key":"GUID","value":"b3b7d7438fad4202be349ec808c6bb41"},{"key":"facts.autologging","value":"sklearn"},{"key":"estimator_class","value":"sklearn.pipeline.Pipeline"},{"key":"estimator_name","value":"Pipeline"}],"artifacts":[]}]},"modelfacts_system":{"model_information":{"model_type":"scikit-learn_1.1","model_description":"","input_type":"","algorithm":"","prediction_type":"","software_spec":"runtime-22.2-py3.10","software_spec_id":"b56101f1-309d-549b-a849-eaa63f77b2fb","asset_type":"wml_model"},"training_information":{"project_name":"MLOps_CP4D","training_data_references":[{"training_data":"german_credit_risk.csv","training_data_href":"","source_type":"IBM Cloud Object Storage","source":"MLOps COS","source_href":"/connections/1a1f879a-8112-4ab9-9a0c-a4d58ececc33?project_id=ffe6cf1e-7730-4e97-89c3-9779edff6278","source_path":"mlops-cpd-onprem/german_credit_risk.csv","training_data_exists":true,"source_exists":true,"type":"External data asset"}],"hyper_parameters":"","hybrid_pipeline":[],"features":18},"modelentry_information":{"lmid":"ae4ba6d2-5862-47f3-b5d9-e348ee4f084c:044e92dd-3a9a-4afd-95b2-648ac672e9e5"},"model_identity_information":{"master_id":"f3fa6cc6-f8f3-44c9-bb3f-27b7cf7bfed5"}},"modelfacts_user":{},"modelfacts_user_op":{}},"attachments":[{"id":"3130e596-6a25-4f4e-bd9e-8d0906b81dd5","version":2,"asset_type":"wml_model","datasource_type":"81bafdbd-b7c6-45c5-a4fd-6ec135f66f4e","object_key":"wml_model/f3fa6cc6-f8f3-44c9-bb3f-27b7cf7bfed5/5281cec9-5e89-4fe2-b6e4-e538fb50915c","creator_id":"icp4d-dev","create_time":1687257840746,"size":102002,"is_remote":false,"is_managed":false,"is_referenced":true,"is_object_key_read_only":false,"is_user_provided_path_key":true,"transfer_complete":true,"is_partitioned":false,"complete_time_ticks":1687257840746,"user_data":{"content_format":"native"},"test_doc":0,"handle":{"type":"assetfiles","key":"wml_model/f3fa6cc6-f8f3-44c9-bb3f-27b7cf7bfed5/5281cec9-5e89-4fe2-b6e4-e538fb50915c","upload_id":"done","max_part_num":1},"usage":{"access_count":0,"last_accessor_id":"icp4d-dev","last_access_time":1687257840746}}]}